entry_point,image_base,size_of_image,size_code_section,dll_flag,num_sections,entropia_max,entropia_media,num_importaciones,num_dlls_importadas,num_exportaciones,file_size,label
6464,4194304,312379,177516,33088,6,6.1198,3.7907,162,8,2,266383,0
48521,4194304,146731,193305,33088,5,4.8688,3.949,367,11,4,331383,0
39831,4194304,112823,92189,33088,5,5.6733,5.7718,386,9,6,918408,0
44254,4194304,349363,178484,33088,4,5.6903,4.7183,203,10,8,915718,0
38082,4194304,385623,163962,33088,6,5.3835,3.7015,144,23,5,201733,0
26783,4194304,84560,49063,33088,5,4.9061,4.5735,50,16,5,296476,0
7602,4194304,134291,108511,33088,5,5.7671,5.332,199,16,1,219746,0
14743,4194304,147829,179230,33120,5,5.6194,3.9884,367,12,4,1534725,0
3219,268435456,78746,6111,0,3,7.6014,7.6451,7,2,1,22939,1
18082,4194304,470571,76017,33088,5,5.0937,4.5479,113,12,7,440857,0
2747,4194304,39959,4636,64,1,7.7539,7.7071,28,4,0,47875,1
45090,4194304,89298,126739,33120,4,5.039,5.6509,350,24,8,826041,0
55389,4194304,121315,121562,33056,5,4.7601,5.4146,328,24,1,817128,0
896,65536,17120,3906,64,2,7.3736,7.1279,6,3,1,34714,1
2138,268435456,23205,1903,33120,2,6.7346,7.5284,17,2,1,11277,1
1834,4194304,33261,5453,64,3,6.7842,6.9514,4,2,0,28949,1
54955,4194304,175911,198847,33120,3,5.374,3.6013,152,12,4,1850831,0
1484,268435456,92086,13624,33120,3,7.8717,6.2322,22,4,1,66009,1
25448,4194304,199521,126891,33120,4,4.0513,3.7679,206,17,0,943061,0
45202,4194304,415225,86898,33120,5,5.8143,5.2962,84,23,6,471743,0
46771,4194304,443293,59268,33088,5,5.0652,5.7872,381,11,0,898182,0
4302,4194304,335977,141410,33088,4,4.4302,5.1494,141,16,2,461377,0
64631,4194304,330174,95956,33088,4,6.163,5.3514,273,19,9,1708332,0
29643,4194304,246513,92879,33088,5,4.5789,5.2881,195,23,2,1933375,0
33563,4194304,478032,29426,33056,4,5.7655,4.0841,385,19,2,819032,0
26055,4194304,156884,123824,33056,6,4.407,3.7661,186,22,9,1658715,0
44493,4194304,473570,84182,33056,4,6.0579,3.935,397,16,2,1971347,0
3399,4194304,77258,11830,64,2,6.5098,6.1723,15,3,0,60309,1
848,268435456,89793,5059,64,3,7.5943,7.1451,9,2,1,56369,1
1588,4194304,92310,7964,0,8,7.7537,7.7642,5,3,1,24422,1
29295,4194304,185504,98801,33120,6,4.0395,4.5133,183,20,8,189861,0
7657,4194304,70159,142596,33088,4,4.4778,4.2978,126,14,5,1700870,0
63734,4194304,282604,71550,33120,6,5.091,5.2948,59,7,1,1639573,0
4880,4194304,453081,58901,33088,5,5.7432,5.671,309,13,3,762585,0
59445,4194304,186194,51755,33056,5,4.834,4.2833,161,19,6,1713229,0
59916,4194304,100612,54813,33056,5,5.2667,3.6041,202,22,8,707191,0
8096,4194304,150158,163087,33088,5,5.3867,4.5398,139,17,7,928752,0
21310,4194304,393054,71681,33056,5,5.1096,5.5571,106,19,6,544476,0
3236,4194304,86371,1695,0,1,6.6384,6.7443,28,2,1,56052,1
47419,4194304,498345,29063,33088,4,6.2535,4.775,281,20,9,849595,0
27174,4194304,274301,165650,33088,4,4.2108,5.2667,281,16,0,441407,0
30653,4194304,242714,91182,33088,5,5.0753,3.9957,200,14,9,370847,0
6907,4194304,387841,196626,33088,4,4.1262,4.5686,364,23,7,264560,0
370,65536,10295,5650,64,2,6.6903,6.6109,21,2,1,39386,1
38794,4194304,192709,90435,33120,6,5.3144,3.5671,171,14,2,95712,0
50813,4194304,268441,173985,33056,5,5.292,4.05,361,17,4,227254,0
2073,268435456,50679,9015,33120,8,7.6339,7.4377,26,4,1,5255,1
33401,4194304,314480,19078,33120,5,6.0541,3.6514,149,21,6,160160,0
33220,4194304,208518,101357,33120,4,5.8048,5.3466,285,24,7,1859845,0
1395,65536,12086,9312,64,8,6.8496,6.8861,23,4,1,14244,1
8238,4194304,488774,191002,33120,4,4.7673,4.5595,175,22,0,1070498,0
23,4194304,11791,1732,64,2,6.9569,6.1195,27,1,0,47770,1
5732,4194304,306434,151688,33120,4,4.8131,4.1342,305,7,2,797365,0
21115,4194304,91157,179631,33120,5,6.1716,3.5314,322,15,6,841841,0
9407,4194304,281915,76358,33088,3,4.5349,5.7315,376,24,9,1525552,0
10492,4194304,231415,194466,33120,6,4.988,5.4648,257,16,7,1365502,0
13758,4194304,252967,167361,33088,4,5.0725,5.3494,376,10,2,1007977,0
41290,4194304,415177,74929,33088,5,5.3181,5.3394,134,11,3,1789217,0
19803,4194304,86187,198204,33056,4,6.1984,4.919,336,16,2,1921621,0
1079,4194304,97641,6652,64,3,7.8123,7.0507,24,3,0,37314,1
44641,4194304,261791,44636,33088,4,5.1267,3.999,179,6,8,1500328,0
64328,4194304,298683,130307,33056,6,4.6346,4.8806,105,16,9,1935190,0
64701,4194304,473739,44531,33120,5,6.1058,5.3405,117,24,8,1830864,0
6789,4194304,88765,35510,33120,5,5.2527,3.6903,91,5,0,257580,0
50271,4194304,331173,61047,33088,4,5.9668,4.2361,220,13,1,530891,0
42251,4194304,380388,186422,33088,4,4.1059,4.5521,258,17,1,739197,0
48786,4194304,245716,89561,33056,4,5.4471,5.6254,128,8,8,263596,0
2443,268435456,20248,6412,0,8,6.8331,7.4606,12,2,0,78601,1
27579,4194304,236843,70774,33120,4,5.1109,5.2768,74,23,5,1846870,0
54396,4194304,401005,18712,33120,5,4.9331,5.4849,354,5,9,62336,0
28372,4194304,350557,177469,33120,5,5.4845,4.8075,175,14,9,1165770,0
39873,4194304,435925,107883,33056,4,5.0203,4.162,67,23,8,1936522,0
29412,4194304,452662,186076,33088,5,5.5919,5.0324,370,16,5,1780081,0
51391,4194304,201878,86367,33056,5,6.2297,4.2491,322,23,8,598694,0
41253,4194304,297666,197710,33120,4,5.6041,5.2251,325,7,9,735388,0
57466,4194304,308090,178645,33120,4,5.1451,5.5683,272,16,9,896056,0
30742,4194304,421921,12356,33120,5,4.0134,5.5554,104,7,4,886659,0
63246,4194304,339106,183952,33120,5,5.9534,4.0814,328,20,8,1284854,0
30041,4194304,75053,122360,33088,4,5.3331,4.3833,247,9,4,1850266,0
48453,4194304,264879,87129,33120,3,6.3476,5.728,124,5,1,1446634,0
64986,4194304,388733,124225,33056,3,6.1591,3.6765,110,9,6,1079237,0
60289,4194304,190507,37856,33120,3,5.5886,5.6264,329,8,6,1483482,0
59776,4194304,367623,175873,33088,4,4.1851,5.4432,179,11,0,1393679,0
62803,4194304,315853,12573,33120,5,4.2268,5.3074,143,22,6,255671,0
34302,4194304,161195,56600,33088,4,4.5512,3.599,266,9,5,1892911,0
35120,4194304,205002,15109,33120,5,5.4525,5.305,300,19,0,1144167,0
2249,268435456,34047,8783,0,8,7.4597,6.9802,27,1,1,9923,1
27228,4194304,296965,186037,33088,3,5.7566,3.7679,163,20,1,1498048,0
36575,4194304,109676,45946,33120,5,6.4633,4.2862,91,6,8,250919,0
9855,4194304,199849,122855,33120,4,6.2251,3.7475,160,8,9,117300,0
61693,4194304,216926,21303,33088,5,4.361,4.1388,295,8,6,1638404,0
22685,4194304,209818,19077,33088,4,5.831,4.7548,138,21,8,1958897,0
16135,4194304,355073,149783,33120,4,5.364,3.564,278,23,6,1258402,0
22143,4194304,226615,131826,33056,6,5.786,5.5601,119,23,9,1162916,0
9582,4194304,433137,55272,33120,6,4.9893,5.3972,322,15,1,81498,0
43886,4194304,311949,154353,33088,4,4.7399,5.4029,50,13,5,741898,0
49008,4194304,350402,141691,33120,5,4.8842,4.5565,387,19,0,857784,0
57091,4194304,348539,163252,33120,4,4.5622,3.7838,287,19,8,1702595,0
15112,4194304,136188,192992,33088,3,5.2367,5.6816,298,18,5,1645283,0
603,4194304,24381,7719,33120,3,6.8576,5.6068,2,3,0,15686,1
19401,4194304,488981,145720,33088,4,4.577,4.1796,62,11,3,1425520,0
6145,4194304,439744,137015,33088,5,4.5384,5.2944,201,14,8,740778,0
966,65536,61565,1519,33120,10,6.6653,6.4381,25,2,0,67863,1
21771,4194304,367537,22984,33120,5,4.2905,3.9201,144,22,1,1736519,0
17392,4194304,180330,46877,33088,6,5.4279,4.9994,146,21,4,1164056,0
59865,4194304,444030,167817,33120,5,4.7805,4.1251,158,10,9,787371,0
6587,4194304,264057,112471,33056,5,5.8963,4.8367,177,11,8,899104,0
2763,65536,93220,7877,64,1,7.8943,6.4568,11,3,0,26975,1
37366,4194304,150497,104006,33088,4,6.373,3.764,226,12,3,379457,0
2478,4194304,89880,13775,0,1,6.6931,7.4287,3,2,0,66807,1
26482,4194304,396699,179899,33120,5,6.3564,5.0475,231,16,1,1373921,0
3854,65536,57335,11662,0,2,7.6226,7.7764,25,1,1,64567,1
2621,65536,65776,5144,0,3,7.0103,6.212,22,1,1,23812,1
810,268435456,89766,11018,0,10,6.7936,6.6878,21,3,1,54063,1
47669,4194304,292804,167729,33120,4,4.3704,4.5772,358,9,9,295993,0
53473,4194304,51605,86242,33056,5,4.862,4.2971,305,21,2,621386,0
60656,4194304,155570,196833,33088,5,4.8615,4.8887,191,24,2,946650,0
2037,4194304,92822,7933,33120,10,6.897,6.4555,12,2,0,36589,1
59167,4194304,93925,132413,33120,5,5.7666,5.3538,120,5,3,1512960,0
44868,4194304,460360,136295,33088,5,4.9331,4.7369,232,6,2,366790,0
421,65536,93714,8980,0,3,7.7609,6.6067,22,4,1,33084,1
51429,4194304,162581,175904,33120,4,6.2589,4.7714,341,9,4,869593,0
29447,4194304,177738,74324,33088,6,5.4852,3.7268,341,22,9,683389,0
27760,4194304,466602,68606,33056,6,6.4759,5.2975,240,12,2,448750,0
33416,4194304,336429,84859,33088,5,4.0495,4.7042,258,9,9,828928,0
58939,4194304,89711,136446,33088,3,5.6562,4.2494,290,6,5,1282663,0
12407,4194304,336663,32431,33088,6,4.3341,5.3751,105,8,1,844301,0
41506,4194304,388467,125953,33088,6,5.3297,3.7809,302,22,1,380515,0
789,268435456,76309,5630,0,1,7.7369,6.6507,27,2,1,34873,1
3496,4194304,17818,4866,64,2,7.5817,6.437,8,2,1,30921,1
54912,4194304,82154,137118,33088,5,4.1579,4.4309,385,19,9,1139100,0
809,4194304,40233,1879,33120,3,6.6411,6.2791,24,1,0,20858,1
53946,4194304,409383,34574,33056,5,5.1253,3.6761,148,10,9,279171,0
1105,65536,39416,2274,33120,2,6.7169,7.2687,8,2,0,52650,1
59862,4194304,385842,146727,33056,5,4.1071,5.1658,335,22,6,970243,0
18598,4194304,284677,158843,33120,4,4.6145,3.6231,204,12,1,551477,0
42140,4194304,454191,126021,33056,3,6.062,4.4627,199,8,0,891135,0
53021,4194304,71949,99613,33120,3,5.2057,3.712,183,23,3,1873948,0
43284,4194304,258124,57057,33120,3,4.0355,5.2057,275,24,4,1616049,0
52651,4194304,206542,65029,33120,5,5.5551,4.9151,167,11,4,1591820,0
5995,4194304,288067,104914,33088,4,6.0885,4.8184,239,13,6,1239325,0
65183,4194304,389853,106122,33088,4,4.2098,5.326,195,9,8,573238,0
45672,4194304,480364,45046,33056,3,5.4919,3.8958,252,10,6,1534159,0
64217,4194304,414612,176472,33056,6,5.7244,5.0947,345,20,5,1644362,0
1773,4194304,33876,1909,33120,2,7.2093,6.5569,10,4,1,26143,1
2025,4194304,59639,14538,0,8,7.8242,7.0223,3,4,1,23895,1
3849,65536,14921,6765,33120,3,7.0762,5.9132,19,1,0,78686,1
38862,4194304,94238,189615,33088,5,5.5138,5.2139,310,12,3,584580,0
1226,65536,74928,13711,64,2,7.1269,7.3535,29,3,1,75283,1
7007,4194304,335205,40448,33120,6,5.8485,4.521,319,14,2,1613482,0
47321,4194304,105318,93186,33120,4,4.2006,4.7034,85,23,4,1933145,0
46626,4194304,100990,33051,33056,5,4.9517,4.5322,294,16,2,117359,0
3282,4194304,82116,604,0,8,7.8463,6.418,7,2,0,17026,1
9991,4194304,428292,41575,33056,5,5.304,5.5948,239,23,1,1501508,0
801,268435456,26329,6368,33120,3,7.7627,5.5334,3,1,1,70883,1
4397,4194304,50846,162499,33120,3,4.8392,3.7697,171,10,3,1197846,0
19804,4194304,476650,71665,33088,5,5.9308,4.22,241,13,9,943150,0
8009,4194304,410089,52229,33088,3,5.7135,3.8113,219,11,7,805027,0
47117,4194304,274786,77642,33088,6,4.3845,3.9589,269,23,5,832046,0
1231,65536,70629,13176,0,3,7.7609,6.3768,4,4,1,16929,1
5246,4194304,409864,118737,33056,4,5.1578,3.8174,110,11,0,304657,0
51055,4194304,472081,161409,33056,4,4.4253,5.4214,157,6,5,810956,0
60669,4194304,256988,80316,33056,4,4.7724,5.7472,118,9,7,1404596,0
63197,4194304,385463,38380,33056,4,4.3316,4.753,366,12,2,930979,0
3966,65536,25707,14216,0,2,7.0744,6.4191,8,2,1,65071,1
20460,4194304,77632,171099,33120,4,5.5827,5.6405,218,6,6,1263013,0
27605,4194304,187162,34262,33056,5,5.4589,4.7796,62,11,6,1155323,0
39602,4194304,218502,36958,33120,5,6.0256,3.5004,207,5,8,1762355,0
51107,4194304,171465,128533,33056,4,4.964,4.2281,193,15,1,1800697,0
30466,4194304,381868,126953,33120,6,5.563,5.4239,374,12,9,460343,0
47112,4194304,117661,162826,33056,5,4.9936,4.6429,225,10,9,1891903,0
38680,4194304,439678,99186,33120,5,5.2393,3.7971,250,17,9,857039,0
12625,4194304,495952,48709,33120,4,4.9109,4.7798,148,7,6,612080,0
2720,268435456,43374,4034,0,1,6.638,7.3531,25,1,0,45581,1
55981,4194304,51917,192047,33088,5,5.6972,3.9485,369,10,5,808271,0
56418,4194304,295121,80831,33120,5,4.6334,5.2855,103,21,8,794854,0
50672,4194304,56949,71916,33056,3,5.9622,5.5997,379,13,3,681581,0
28034,4194304,75934,93691,33120,6,5.5028,5.2523,116,11,6,671747,0
183,4194304,68001,2658,64,2,7.9387,5.7522,23,3,1,67781,1
29567,4194304,194790,109259,33088,5,6.0821,5.3763,154,7,9,1062211,0
61054,4194304,292353,43756,33120,6,6.214,3.7145,376,23,0,1379328,0
31759,4194304,159945,69321,33088,6,5.1076,4.2066,120,24,6,991208,0
36807,4194304,168033,12396,33120,4,6.1843,5.4093,240,21,0,1835362,0
14989,4194304,413978,180182,33056,4,6.473,4.6102,128,14,8,563223,0
3737,268435456,53380,6374,64,1,7.013,6.714,14,1,0,75572,1
16762,4194304,177016,188376,33056,5,6.2068,5.0597,392,15,0,247345,0
65163,4194304,443271,60106,33088,3,4.8326,4.4913,333,20,2,1803897,0
19247,4194304,417257,51873,33120,5,4.7287,4.8005,271,8,2,121017,0
109,268435456,73187,11339,0,1,6.9485,6.8221,25,2,1,29741,1
39007,4194304,476935,164571,33120,4,6.356,5.5587,232,20,6,732346,0
978,268435456,74619,3503,0,3,7.1227,6.1848,18,1,0,40613,1
3886,4194304,97264,4183,0,3,6.6579,5.7958,14,4,1,23891,1
36676,4194304,141751,30049,33120,6,4.9765,5.111,343,8,8,581149,0
20294,4194304,335718,178270,33088,4,4.9681,4.0012,175,22,1,362865,0
7723,4194304,460316,76150,33056,4,5.074,3.674,394,8,4,597952,0
62967,4194304,76069,88249,33120,5,4.0199,4.0101,319,8,5,1803313,0
5898,4194304,424572,64028,33120,5,5.2818,4.7592,269,7,1,1475036,0
48116,4194304,433432,61571,33056,3,5.3975,5.6681,178,8,4,1752863,0
7439,4194304,204782,43320,33120,5,6.0608,5.0332,351,6,8,1216026,0
40016,4194304,111629,136678,33056,4,6.2556,5.1287,368,9,9,1231753,0
32789,4194304,227804,12198,33056,5,5.7458,3.8802,315,18,3,1391502,0
15062,4194304,187023,10526,33120,4,4.9362,4.8616,297,19,4,475840,0
42400,4194304,107545,27778,33088,5,6.3719,4.4544,164,9,8,549471,0
18695,4194304,256118,170081,33056,6,5.7831,3.6878,114,16,4,1182870,0
593,268435456,89105,6299,0,1,7.3139,7.7112,11,4,0,25422,1
28040,4194304,378800,164470,33088,4,4.6961,3.6864,103,22,1,1386316,0
57088,4194304,51015,162592,33120,4,5.5711,4.128,161,10,8,955352,0
2601,268435456,15391,12298,64,1,7.3355,6.5835,3,4,0,28086,1
20634,4194304,240455,63268,33056,5,4.5548,5.7168,146,11,4,1072179,0
1644,4194304,18541,6438,64,1,7.942,6.368,16,4,0,52006,1
6708,4194304,267841,45954,33088,4,5.2039,4.9029,55,17,5,695499,0
43048,4194304,433934,25048,33120,5,5.8293,5.3273,392,20,1,1317556,0
3442,4194304,46615,2931,0,8,7.4603,6.0255,19,3,1,20487,1
1161,268435456,60673,5828,64,3,7.9127,5.5316,24,2,1,42449,1
18165,4194304,238014,124994,33120,5,5.0058,5.7921,136,17,0,123704,0
41600,4194304,141865,71413,33120,4,6.0431,4.0739,259,9,3,1927380,0
13919,4194304,365172,186572,33088,4,6.171,5.4164,392,21,5,466740,0
54743,4194304,365826,117309,33056,4,5.6939,3.6191,307,9,1,1200311,0
1947,65536,38012,5802,64,1,7.1092,6.5048,23,4,1,52632,1
62193,4194304,369905,152633,33056,5,6.0845,4.9259,258,6,6,1164709,0
46203,4194304,222312,74754,33088,4,5.5306,3.7202,148,10,8,537707,0
27644,4194304,283619,153660,33120,4,6.3519,5.6063,278,22,8,1537324,0
3620,268435456,25460,9850,33120,3,7.1929,7.562,9,1,0,13562,1
15490,4194304,216981,142351,33120,4,4.1151,4.6962,195,6,5,448825,0
2634,4194304,67539,2221,0,2,6.5759,6.9361,16,1,1,15222,1
4956,4194304,313206,84055,33088,3,5.1465,3.5364,398,8,9,423410,0
26773,4194304,305266,114101,33056,6,5.58,3.8466,101,21,5,913907,0
50032,4194304,240471,56542,33088,4,5.0619,4.5451,223,6,7,984963,0
1589,268435456,61176,1744,0,3,7.5216,7.4659,11,4,1,79311,1
63422,4194304,137388,78760,33056,4,4.9237,3.8816,195,13,3,1240283,0
59535,4194304,430975,27602,33056,4,4.0738,5.4715,55,19,7,839622,0
2747,4194304,26274,6975,64,2,6.583,6.9008,13,4,0,7347,1
59102,4194304,154537,107768,33088,5,5.0977,4.8873,234,24,9,1684461,0
43663,4194304,447234,49499,33120,3,4.4634,4.163,161,24,1,624543,0
29754,4194304,405249,182946,33120,5,4.982,5.5773,355,16,1,1335412,0
31576,4194304,89081,161151,33088,4,6.3822,4.6288,159,21,6,796777,0
59112,4194304,87131,156389,33056,3,6.1267,3.5731,240,16,6,1943767,0
1736,4194304,17213,4153,64,8,7.6094,6.7976,11,1,0,6950,1
10470,4194304,199456,116896,33120,4,5.9118,3.8153,290,5,3,217973,0
12251,4194304,262890,17287,33056,4,5.096,4.1311,129,13,6,1197547,0
42254,4194304,134076,197445,33088,6,5.4022,4.7023,196,20,4,863171,0
47681,4194304,213273,51786,33120,4,5.9939,4.7032,74,24,6,1462782,0
12812,4194304,469830,164091,33120,4,4.0388,3.7806,339,17,2,490523,0
64662,4194304,342822,49062,33120,5,5.4064,4.3857,312,23,1,1159137,0
24762,4194304,307218,175229,33120,6,4.5327,4.2307,131,8,1,142091,0
28396,4194304,364782,111371,33120,4,5.5901,3.9848,86,21,1,162333,0
23834,4194304,470501,73852,33056,4,5.9862,4.7591,96,12,8,1074603,0
18637,4194304,392363,65961,33120,5,6.1182,4.3644,224,15,7,939234,0
5117,4194304,263920,198456,33056,4,4.5717,4.0215,196,7,9,1267327,0
56758,4194304,119836,77364,33088,4,4.1708,3.6076,255,20,2,1057705,0
28035,4194304,73960,71268,33056,3,6.0995,3.6045,298,15,6,1213473,0
797,4194304,67784,6439,64,2,7.1558,7.1846,7,2,1,30105,1
25460,4194304,439088,71212,33088,4,4.7048,4.1517,226,22,5,937977,0
2368,65536,93444,8705,64,3,6.5586,6.3338,11,2,0,19179,1
54204,4194304,184668,143541,33120,4,6.3101,3.6423,214,19,5,1669800,0
22323,4194304,89749,183946,33088,5,5.6625,5.0135,56,8,8,1575068,0
49187,4194304,277645,125672,33088,4,4.4543,4.8665,67,8,6,1829892,0
715,268435456,40167,3899,64,8,6.6568,7.5835,10,2,0,26209,1
425,65536,83586,6736,64,8,7.0337,5.803,5,3,1,71957,1
48828,4194304,202617,82258,33088,4,5.2033,5.0089,57,21,1,1750905,0
44451,4194304,96163,162999,33120,4,5.728,3.9618,146,21,5,1403739,0
56418,4194304,294761,67372,33088,6,6.4656,5.2519,322,19,2,659269,0
37859,4194304,257611,39402,33088,5,6.2594,4.2728,324,7,9,524650,0
30832,4194304,354462,144502,33120,5,6.4428,4.4678,347,5,1,1472415,0
56356,4194304,189789,35559,33088,5,4.9582,3.9556,215,18,7,303807,0
3475,268435456,83322,5939,0,2,7.4125,7.0615,8,4,0,41648,1
56884,4194304,498322,22115,33088,6,4.3159,4.8754,167,7,4,497628,0
57447,4194304,155186,138322,33120,4,5.2486,4.1084,245,17,5,627701,0
65485,4194304,282050,108818,33056,4,6.0034,4.1492,107,6,2,1593992,0
65363,4194304,346818,142663,33056,5,5.3376,4.1438,84,19,0,731509,0
8110,4194304,417436,32042,33056,5,5.5283,4.8857,206,13,5,752682,0
61932,4194304,391003,165834,33088,4,5.9348,3.7014,392,6,0,588065,0
1564,268435456,66260,3490,33120,2,7.5146,7.6924,28,1,1,21116,1
7400,4194304,371638,26371,33120,3,4.1803,4.7818,142,15,8,1645776,0
10751,4194304,177309,92970,33056,5,6.4543,4.9323,220,18,8,1010814,0
20946,4194304,438318,111358,33120,6,6.4875,3.7691,228,12,1,581661,0
57884,4194304,285365,29541,33088,4,4.78,4.3973,239,7,1,968746,0
64289,4194304,379923,72768,33056,3,6.4583,4.5668,241,11,9,1781499,0
8039,4194304,340160,66133,33056,4,4.0688,5.2547,160,9,7,550850,0
56030,4194304,128623,182307,33120,5,4.4356,3.533,230,10,4,1301875,0
42041,4194304,317552,16368,33120,4,5.0777,4.7722,357,16,3,1910966,0
44515,4194304,257606,89141,33120,5,4.1124,4.0616,357,24,6,1071728,0
7844,4194304,223880,133618,33056,6,4.4786,5.7757,192,6,4,1701722,0
16784,4194304,193087,141878,33056,4,4.2302,5.7132,138,9,8,914609,0
33819,4194304,357250,47265,33088,5,5.3357,5.294,285,17,8,1722992,0
13913,4194304,332100,176205,33120,6,6.2892,4.7189,320,11,3,1620692,0
65530,4194304,340843,43742,33088,6,4.7083,5.5404,127,11,2,661709,0
60587,4194304,172177,73888,33120,4,4.8631,5.3182,359,5,4,1976436,0
5402,4194304,486341,104071,33120,5,5.2538,4.7909,293,17,4,321635,0
1915,65536,13749,9767,0,2,6.7619,7.2859,5,3,0,65110,1
339,4194304,98382,3325,0,8,7.5897,6.4891,15,2,1,69732,1
26068,4194304,423048,19110,33088,6,4.4981,5.2073,249,10,6,92782,0
44960,4194304,351953,173268,33056,4,5.1626,3.5124,131,19,7,302773,0
53854,4194304,391383,37083,33056,5,5.4298,4.3092,162,22,9,768960,0
11496,4194304,94247,145044,33088,5,5.284,5.609,70,8,6,1279959,0
62579,4194304,409723,17813,33120,4,6.1787,5.7659,181,5,8,138887,0
742,268435456,5560,1280,0,2,6.7848,6.8133,24,2,1,26976,1
14773,4194304,239728,178383,33120,5,4.8722,4.1817,128,10,3,288411,0
58982,4194304,323318,165232,33120,4,5.6859,5.0802,389,20,5,1305802,0
23211,4194304,448929,96123,33088,6,5.9062,5.1333,183,5,6,728387,0
53822,4194304,433245,192099,33056,4,6.0784,3.7932,242,16,1,1838726,0
31739,4194304,174040,167732,33056,6,4.962,4.067,383,12,5,1367933,0
27189,4194304,390621,51846,33088,6,6.4511,4.7043,371,16,8,307808,0
10989,4194304,125703,85713,33088,6,4.6787,5.1733,76,13,4,1157029,0
41035,4194304,102487,150272,33088,5,5.1962,3.5335,203,5,2,849458,0
2403,4194304,38513,13372,33120,2,7.6473,6.8793,14,4,1,62016,1
12216,4194304,73624,43660,33056,5,6.4907,5.5736,132,22,1,1036410,0
33036,4194304,61302,135816,33088,4,5.4994,4.1872,296,16,3,417968,0
375,268435456,77682,5314,0,1,7.7119,5.8111,26,2,1,51103,1
62431,4194304,117728,30581,33120,5,6.1315,3.7904,335,12,7,478472,0
56086,4194304,322933,62326,33088,4,6.0648,4.6041,65,16,1,131948,0
62606,4194304,436594,54859,33120,4,5.116,4.633,299,21,4,1373951,0
30354,4194304,146646,45488,33088,3,5.3948,3.8409,159,24,8,815598,0
31218,4194304,58666,164351,33088,3,5.4612,3.5876,333,17,3,1361822,0
12304,4194304,66389,133797,33056,4,5.3534,5.5128,396,18,3,316278,0
21549,4194304,268958,124682,33056,4,4.3037,3.6042,143,16,4,1362629,0
65469,4194304,362066,16640,33088,4,4.1772,4.0664,378,23,1,259720,0
35712,4194304,362572,52520,33088,6,5.4927,5.7945,380,5,2,1996912,0
15434,4194304,208768,77649,33120,6,4.3131,4.234,90,21,1,1522047,0
50795,4194304,366076,158922,33120,6,5.3518,3.7271,83,12,0,1371403,0
30627,4194304,378184,84532,33120,4,6.1934,4.5941,125,20,2,1297752,0
56352,4194304,409151,65337,33088,4,4.632,4.7443,352,22,9,858062,0
26767,4194304,108243,198051,33120,4,4.4352,4.0062,119,18,8,175342,0
11349,4194304,184828,169033,33088,4,6.0666,4.0199,389,21,0,150025,0
28562,4194304,236240,170928,33056,4,4.39,4.5244,266,15,5,950341,0
58844,4194304,58512,161054,33088,5,5.3289,4.5674,210,9,1,263678,0
20742,4194304,236717,53642,33088,6,4.125,4.038,83,17,4,619405,0
38759,4194304,313972,33411,33120,4,5.912,4.6321,391,20,2,1900195,0
31568,4194304,91914,43142,33056,5,5.8514,3.5965,179,24,4,946977,0
26098,4194304,155787,165130,33056,4,4.5014,4.306,183,16,2,893521,0
42590,4194304,289690,67056,33056,5,6.2755,5.4968,81,12,4,1601832,0
53907,4194304,427503,168448,33088,4,4.9339,3.6155,263,9,9,1344798,0
24454,4194304,144270,188136,33120,4,5.2539,5.5212,123,18,9,1736679,0
23224,4194304,332753,91941,33088,4,6.2577,4.7674,178,11,5,1509525,0
60518,4194304,247775,86218,33088,6,5.3671,5.2599,343,18,1,1026778,0
62809,4194304,467170,83781,33120,4,5.355,3.7102,373,10,6,982196,0
36092,4194304,176161,167795,33056,5,6.204,5.0539,204,11,6,57233,0
60757,4194304,462498,139749,33120,5,4.1216,5.1717,58,14,2,911811,0
3453,65536,86867,2225,64,3,7.7753,6.8882,8,2,1,13328,1
36193,4194304,186487,62098,33120,3,5.8231,5.3527,245,7,9,288886,0
61567,4194304,480192,133395,33120,4,6.3628,4.4881,154,17,2,1990592,0
57741,4194304,175036,78344,33088,5,5.8014,3.9472,52,17,9,1057851,0
60186,4194304,178778,185695,33120,5,5.9518,5.4894,295,22,0,1931397,0
44870,4194304,116203,130900,33056,5,6.3275,4.9653,377,16,2,597578,0
16065,4194304,295885,167364,33120,4,4.7026,5.1047,380,24,1,1881496,0
23926,4194304,477745,101659,33120,3,5.5805,5.5025,128,14,1,997069,0
33845,4194304,198056,170831,33056,5,4.8755,5.4263,228,18,2,478670,0
3769,65536,8346,4865,33120,1,7.0209,6.7805,21,3,0,53817,1
13788,4194304,465916,138377,33056,6,5.7979,4.1405,94,10,1,901563,0
3464,268435456,16595,1926,64,10,7.7749,6.4416,21,3,0,66860,1
52798,4194304,201456,115423,33120,5,4.3051,4.5121,298,14,2,1926119,0
11488,4194304,483027,42413,33088,4,5.2993,5.6346,248,21,6,1185708,0
3568,65536,24971,756,0,8,7.4578,6.8493,14,2,1,63726,1
58734,4194304,80355,109608,33056,6,4.1443,3.5148,246,24,7,344358,0
29438,4194304,95002,134343,33056,6,5.3834,4.5215,336,24,8,878396,0
52286,4194304,414167,153184,33056,4,4.9054,4.8791,134,23,7,693784,0
48638,4194304,203487,195914,33056,4,4.6238,5.5867,269,17,6,449489,0
18469,4194304,329404,138232,33088,5,4.7965,5.0958,99,11,9,1600314,0
22439,4194304,197979,167757,33120,4,4.8176,4.0454,193,12,5,1764796,0
12488,4194304,390896,64912,33120,6,5.8977,4.2203,152,14,2,1542832,0
54941,4194304,388234,85418,33056,4,4.5795,4.6141,320,17,8,1711342,0
22173,4194304,273810,58787,33120,5,5.8644,4.775,256,20,7,291482,0
37255,4194304,345451,48890,33120,4,4.0252,4.2815,164,6,3,459824,0
62683,4194304,353571,83609,33056,4,5.0355,3.8245,258,15,2,613889,0
31362,4194304,218964,176844,33056,6,4.6721,4.9893,345,22,1,336305,0
23865,4194304,333821,26032,33120,4,4.8876,5.4658,50,6,2,1511350,0
51376,4194304,350709,180102,33120,4,4.2465,3.6567,296,11,6,1932287,0
60140,4194304,241172,153254,33088,3,5.6776,5.1879,393,9,3,796631,0
6296,4194304,271897,17314,33056,5,4.5027,5.4733,268,22,6,823931,0
1088,268435456,31425,11740,33120,2,7.5601,6.1867,5,4,0,53700,1
11006,4194304,451631,67134,33088,5,5.5804,5.6655,392,10,1,231446,0
16257,4194304,58070,29975,33056,5,6.3838,3.8738,111,17,0,97456,0
30950,4194304,228677,110424,33120,5,4.7752,4.502,195,24,8,820759,0
57736,4194304,112292,100327,33120,4,5.7712,4.0738,166,24,7,1864099,0
15380,4194304,71689,49986,33120,4,6.2442,4.787,171,14,1,1151595,0
24559,4194304,485165,29816,33056,5,5.0405,4.5799,217,20,5,1497544,0
30737,4194304,285659,155360,33120,5,5.7416,4.1416,214,10,7,444283,0
63996,4194304,223416,158757,33088,5,6.4811,5.249,387,20,0,826646,0
386,65536,30557,12661,0,2,6.5614,5.7887,23,4,1,48225,1
3301,4194304,13859,11661,64,1,7.1842,6.2856,16,3,0,59691,1
57661,4194304,349770,120017,33120,5,4.9767,4.002,321,16,0,1784872,0
34631,4194304,367428,44008,33056,6,5.5241,5.4539,396,16,3,1848766,0
41355,4194304,338543,66503,33056,4,4.8677,4.3598,180,7,0,579862,0
62149,4194304,386107,168417,33088,5,4.6188,3.8319,158,16,0,85010,0
14326,4194304,142193,106443,33056,4,4.5668,5.1093,88,5,9,61017,0
1439,4194304,41142,1844,64,10,6.8193,7.0645,24,4,0,12283,1
31847,4194304,445435,109986,33088,4,5.8816,5.2614,174,21,0,1565786,0
9354,4194304,396809,131789,33056,5,5.8078,4.6646,114,15,9,1601726,0
3649,65536,77302,6344,0,2,6.99,7.0391,16,1,1,51628,1
18019,4194304,468738,142130,33088,6,6.0733,4.0018,68,8,0,421557,0
45619,4194304,320846,87454,33120,4,4.0771,5.4852,371,12,5,371199,0
23214,4194304,63807,97955,33088,4,5.9089,5.5562,183,12,7,1669814,0
50343,4194304,351368,186313,33120,6,4.1515,5.1801,240,15,2,1930695,0
27343,4194304,309214,138575,33088,3,4.082,4.9985,226,21,9,1569598,0
51126,4194304,109379,168496,33056,4,5.3734,5.3682,390,14,0,1305950,0
25873,4194304,76790,171047,33056,5,5.0069,4.366,209,6,8,947691,0
29972,4194304,436193,59138,33120,4,6.0662,3.7144,224,22,0,1913082,0
13103,4194304,468034,154579,33120,4,5.074,4.2931,147,15,0,225295,0
9740,4194304,140397,102324,33088,3,4.3889,4.8039,131,9,4,1770342,0
2552,268435456,65998,13661,0,8,6.7132,6.5875,2,2,1,67170,1
41915,4194304,253664,158399,33088,4,4.0326,5.6443,151,7,7,1923200,0
58336,4194304,400380,185136,33056,5,5.8847,4.9672,179,23,9,1782141,0
32408,4194304,485048,38541,33120,3,6.3232,4.7574,345,23,1,1848982,0
17499,4194304,298320,194697,33056,6,4.175,4.9568,363,15,4,1355258,0
21060,4194304,376579,144461,33056,4,4.5027,4.4797,145,22,4,981398,0
36416,4194304,368408,39426,33088,4,5.1323,4.5474,123,7,9,1802813,0
384,4194304,52553,5170,0,8,6.6798,7.4928,21,2,0,24346,1
26014,4194304,448456,93300,33088,3,5.7522,5.4055,222,13,3,660278,0
7986,4194304,69870,140273,33120,5,4.4447,4.8545,368,24,7,1935547,0
9897,4194304,182414,143052,33120,4,5.2764,5.669,333,11,7,1519729,0
26105,4194304,92078,95530,33088,4,4.5199,3.7609,105,10,1,152951,0
3487,65536,15892,872,64,8,7.9615,6.0441,17,1,0,25897,1
63259,4194304,352950,166683,33056,4,4.7792,3.8786,141,5,1,55435,0
31824,4194304,365557,191144,33120,5,4.0287,5.0622,316,8,5,1029651,0
2462,4194304,31708,3310,33120,1,7.7401,7.172,15,1,0,10492,1
31446,4194304,187855,190225,33088,6,4.1964,3.9943,236,13,4,1576985,0
63371,4194304,182717,14703,33120,5,5.5791,4.6484,273,11,9,1457576,0
3057,65536,87249,5810,0,1,7.7834,7.5454,17,2,1,78030,1
28472,4194304,133524,180413,33120,5,5.1982,3.9219,62,16,0,355745,0
44543,4194304,481326,191264,33088,4,4.742,4.9906,63,17,8,1992861,0
5781,4194304,153150,129235,33056,4,5.3063,4.6733,365,15,4,442647,0
53145,4194304,379670,135932,33056,5,4.1663,4.0848,248,16,3,1207260,0
4665,4194304,291983,85932,33120,4,5.2807,4.0832,314,17,0,1959562,0
60275,4194304,215088,193720,33056,6,5.3541,5.3709,71,23,7,257500,0
52500,4194304,122303,188589,33120,5,5.1546,4.4377,271,11,9,1469155,0
5250,4194304,196106,136267,33088,6,5.0687,5.3336,377,6,2,595648,0
23553,4194304,345735,179315,33120,6,5.8794,4.9872,252,19,4,1156984,0
12529,4194304,65485,100093,33088,6,6.4752,4.1761,117,6,3,1275705,0
17341,4194304,438349,82715,33088,4,6.4029,4.5906,384,23,8,284622,0
28644,4194304,297940,43933,33088,5,5.4555,4.9242,122,17,5,338480,0
9027,4194304,55569,53001,33088,6,6.3138,5.6624,206,9,0,726079,0
11254,4194304,123686,79669,33056,4,5.9669,4.4657,139,21,1,1815018,0
51453,4194304,443518,199834,33056,6,4.9305,4.5572,164,21,7,1641632,0
51298,4194304,437952,178639,33088,4,4.296,3.6887,134,5,8,586350,0
58497,4194304,332107,122573,33088,3,5.8504,4.6783,109,20,7,648411,0
51287,4194304,466930,44911,33056,3,5.6478,5.1066,185,20,4,1952871,0
54111,4194304,330161,68053,33088,4,4.3128,5.1783,87,15,0,672561,0
8595,4194304,308930,150975,33056,4,4.5155,5.1657,228,21,0,1939855,0
1886,268435456,56883,13230,33120,1,7.6798,6.5439,28,4,0,29918,1
57318,4194304,121907,100827,33056,4,6.1453,4.8171,127,19,9,1864469,0
48358,4194304,436598,161734,33120,4,5.6929,4.013,79,12,1,1053634,0
43830,4194304,439940,79298,33056,5,5.7819,4.232,147,18,7,1412148,0
2511,268435456,52928,10557,33120,8,7.6075,7.3987,20,1,0,57076,1
42745,4194304,67368,80326,33088,4,6.346,3.6717,146,16,1,1786386,0
59705,4194304,398884,75455,33056,3,4.2384,5.4587,334,17,8,1519204,0
25232,4194304,395266,84441,33056,4,5.4617,3.7118,327,10,7,835372,0
58436,4194304,387827,162360,33056,5,4.0143,4.139,260,14,2,240043,0
26457,4194304,243752,192932,33056,6,5.122,4.3206,74,14,3,1499282,0
64256,4194304,416407,26309,33056,5,4.9478,4.1969,83,7,2,319209,0
42742,4194304,267138,188980,33120,4,5.1529,5.317,81,15,5,920229,0
18194,4194304,432574,132720,33088,4,5.1269,5.3943,340,5,1,762222,0
864,4194304,45612,9804,33120,3,7.9964,7.6481,5,1,0,11333,1
57681,4194304,449445,107624,33120,5,4.5251,4.0701,172,16,5,596894,0
17869,4194304,276156,16960,33056,4,5.294,5.581,139,23,4,834681,0
34399,4194304,480657,49974,33088,3,4.8337,3.8641,160,17,8,984711,0
48174,4194304,436858,105081,33088,5,5.1646,5.2745,94,11,7,896278,0
3863,4194304,14967,9308,0,3,7.7715,7.7786,28,4,0,66762,1
8707,4194304,246382,122340,33056,5,5.1732,5.055,200,17,0,1943884,0
16970,4194304,88638,150588,33120,5,5.9684,3.6767,158,15,4,874464,0
24976,4194304,131264,177581,33056,3,4.6372,3.7068,322,17,9,1622088,0
21255,4194304,355062,140282,33088,5,4.9658,4.6797,387,23,8,576701,0
25367,4194304,249938,21555,33056,4,5.15,5.6329,217,16,4,1485986,0
13300,4194304,376628,85897,33120,3,6.0594,5.7466,75,14,3,1665270,0
298,4194304,39493,5338,0,8,7.3694,5.7158,22,1,0,10974,1
7057,4194304,297736,115228,33120,3,5.0191,5.6775,221,21,9,594075,0
5112,4194304,383870,111332,33088,5,4.5112,4.9048,77,18,5,1948238,0
16281,4194304,200159,63276,33056,4,4.2376,4.3415,129,11,3,710501,0
46010,4194304,244053,189917,33056,5,4.5402,4.1434,99,6,6,1112279,0
8591,4194304,189639,171779,33088,4,5.2834,5.4366,238,22,7,398943,0
36731,4194304,162221,125374,33088,6,4.5297,3.5804,294,11,1,387530,0
26495,4194304,260977,115865,33056,5,6.3114,4.2304,302,24,5,338997,0
10969,4194304,284286,58756,33088,4,5.0688,5.6353,282,12,8,1900770,0
105,65536,14852,12612,0,8,6.5301,6.9852,12,4,0,66596,1
44853,4194304,179695,131829,33120,4,5.0785,4.9405,63,7,9,555421,0
51121,4194304,453704,112979,33056,6,5.3672,5.534,322,7,1,428226,0
380,4194304,41912,4894,0,3,6.5238,5.7014,19,1,1,46628,1
2847,4194304,81733,13149,0,2,6.5694,7.179,20,4,0,68083,1
669,65536,38725,2407,64,2,7.7179,6.6783,25,1,1,47687,1
11901,4194304,371345,81626,33088,4,5.9342,4.5959,322,23,6,1266018,0
10045,4194304,101356,60069,33056,6,5.3218,4.3968,326,10,7,1649306,0
53108,4194304,437877,135150,33056,5,5.0381,4.3387,384,17,0,831608,0
4257,4194304,332703,26725,33056,6,6.0991,5.3308,100,10,0,691142,0
26058,4194304,59348,83506,33120,5,4.9796,3.7834,94,10,5,1643051,0
64674,4194304,316776,96206,33120,5,4.0287,4.8023,227,20,5,1332443,0
17217,4194304,217231,156323,33056,3,5.521,4.4151,372,21,4,485711,0
57906,4194304,207504,156430,33088,3,5.5077,5.1778,67,14,4,1552718,0
39869,4194304,485564,113145,33088,5,6.138,4.2762,74,6,0,1494315,0
39249,4194304,101745,169903,33056,4,6.018,4.6511,228,6,9,857274,0
60633,4194304,77712,46408,33120,6,4.9043,4.1768,126,14,3,1229042,0
38273,4194304,132180,169674,33088,4,6.2039,3.8491,265,14,5,1059622,0
3363,4194304,14491,14163,0,1,7.0615,7.4684,24,3,1,75603,1
38795,4194304,356172,60861,33056,4,5.6368,5.4084,217,6,6,1698655,0
24246,4194304,223532,25563,33120,4,4.0218,4.0214,94,20,2,249542,0
33223,4194304,141362,57924,33120,5,5.9078,5.6044,269,14,5,1886222,0
7532,4194304,315956,173038,33056,3,4.1941,3.9974,296,14,6,1285639,0
27515,4194304,319114,142822,33056,4,4.4505,4.1787,346,18,6,812557,0
60931,4194304,316468,186611,33120,4,6.1574,4.2174,241,8,2,835786,0
8651,4194304,241076,136209,33120,5,6.0703,4.1609,387,8,2,217567,0
1664,268435456,20037,12913,0,1,7.916,6.1063,25,2,0,31470,1
310,4194304,99119,10555,0,2,6.9688,7.0422,20,1,1,40497,1
4947,4194304,334260,126400,33120,6,4.2752,3.8819,319,24,9,1046836,0
60969,4194304,332453,21344,33120,5,4.3976,5.2422,107,14,8,431691,0
6965,4194304,97915,121785,33088,4,5.7824,4.3375,347,19,0,822783,0
2035,4194304,69204,1806,64,1,7.291,7.3713,22,2,1,65010,1
27672,4194304,178177,147710,33120,5,5.3681,4.9383,98,11,1,1753562,0
873,65536,69222,8098,0,1,6.7587,7.2173,13,3,0,19706,1
16034,4194304,174085,166921,33056,5,5.6106,3.7625,152,13,7,475910,0
52450,4194304,96271,171633,33120,5,5.96,3.5826,286,20,0,1855148,0
2047,65536,67709,14642,0,1,7.2841,6.5022,3,3,0,36815,1
27286,4194304,314223,81635,33088,4,5.0961,5.3076,123,7,3,1072405,0
56829,4194304,254625,43039,33056,5,5.9525,3.8211,154,19,8,1076850,0
57394,4194304,307802,21536,33120,4,4.8749,4.3343,312,7,3,471001,0
43480,4194304,73321,70504,33088,5,4.5729,3.995,91,15,9,88744,0
64359,4194304,414778,123453,33088,5,5.2456,5.5776,382,11,0,396229,0
12776,4194304,180560,17657,33120,5,5.2451,3.5185,79,22,7,1460038,0
47382,4194304,122847,19847,33056,5,4.5182,4.3085,66,11,4,1436650,0
26072,4194304,188311,144055,33088,4,6.022,5.486,59,6,3,1884743,0
54732,4194304,384618,195828,33088,4,4.2456,4.1874,183,24,8,1123078,0
729,65536,51371,7311,64,8,7.5422,6.6009,26,4,1,75825,1
6529,4194304,263945,96925,33088,4,4.4402,4.4264,64,17,5,1678420,0
25028,4194304,161317,91121,33088,5,6.2124,4.2003,124,7,6,393243,0
46071,4194304,50126,65230,33056,6,4.9287,5.7231,146,21,3,1791620,0
470,268435456,21091,13016,0,8,7.5802,6.1631,7,1,0,29151,1
64809,4194304,453694,93560,33088,3,5.635,5.1024,204,8,3,284975,0
34842,4194304,166421,142079,33120,5,6.2109,5.188,238,5,1,869781,0
57102,4194304,332755,92503,33088,4,5.3027,4.2081,233,20,4,932566,0
2118,4194304,7486,11814,33120,10,7.296,6.6946,25,4,1,41723,1
26395,4194304,54809,90559,33088,3,4.311,5.5079,260,14,3,1940576,0
32028,4194304,197550,43662,33088,4,6.3339,4.7042,288,17,0,1249728,0
9771,4194304,178148,50809,33056,4,4.8158,5.7917,242,15,4,1216374,0
23604,4194304,210359,93309,33056,3,4.9666,5.6259,231,12,1,1476297,0
59483,4194304,173961,45367,33056,5,4.0815,4.8569,318,16,8,575122,0
12226,4194304,332247,34826,33056,5,5.6669,5.0495,174,7,6,786618,0
26015,4194304,326532,99431,33088,3,4.4303,5.0671,200,16,9,77197,0
1066,65536,30025,12183,64,8,7.0889,7.7599,13,4,1,28457,1
58141,4194304,208211,39257,33120,5,5.0363,3.7888,290,18,1,1150566,0
62244,4194304,168012,38145,33088,4,5.0144,3.8792,389,11,9,1907792,0
49070,4194304,364368,61693,33056,5,5.4346,5.1194,115,10,8,1632369,0
11639,4194304,382624,154832,33056,3,4.5406,4.6557,169,9,1,1400093,0
48176,4194304,321255,148563,33056,4,5.9736,3.7556,87,5,6,1166850,0
26499,4194304,484159,169007,33088,5,4.5335,4.6174,274,5,4,1782842,0
4950,4194304,93088,119996,33120,5,4.4745,5.0046,123,20,8,524551,0
9626,4194304,175917,89273,33088,5,4.4673,3.5627,203,17,9,1745625,0
40727,4194304,332762,88797,33120,5,5.9325,4.9998,263,23,9,840417,0
12667,4194304,450330,99599,33088,4,5.8169,4.4916,175,17,3,697272,0
3632,268435456,80542,510,0,10,6.9749,6.4252,28,2,0,42211,1
33688,4194304,129767,36385,33120,3,5.0243,4.996,119,8,4,222903,0
627,4194304,24551,8499,64,1,7.1885,6.5229,7,1,1,65011,1
36313,4194304,181994,122755,33120,5,5.8706,5.7743,228,22,8,387766,0
6664,4194304,431300,162864,33056,4,4.9796,4.8738,285,21,6,1473271,0
43195,4194304,205576,194074,33056,3,4.1191,5.2237,382,14,7,678580,0
10198,4194304,141922,185641,33088,5,4.8189,5.0303,118,7,7,1830730,0
44866,4194304,192766,153273,33088,6,5.4493,4.413,146,7,4,1169375,0
14723,4194304,168874,186720,33088,4,6.2366,4.0337,160,8,8,280596,0
87,4194304,55411,4423,0,3,7.5585,6.1597,3,3,1,44051,1
1161,268435456,78273,10813,0,2,7.8296,5.5823,13,3,1,70451,1
10391,4194304,448342,144092,33088,4,5.9993,5.0879,325,12,6,552394,0
41601,4194304,120390,151888,33088,4,5.3695,5.6554,190,15,3,1033061,0
5363,4194304,218152,126243,33120,5,4.9425,5.7736,92,17,4,1244737,0
15931,4194304,260176,39192,33120,5,4.8872,4.9245,386,9,3,442144,0
56490,4194304,190932,66276,33120,4,5.3733,4.8423,84,24,4,79092,0
2967,4194304,48356,946,33120,2,6.582,5.7486,19,3,1,56801,1
910,65536,71691,12156,64,1,6.8828,6.7996,24,3,0,34877,1
62115,4194304,205989,128154,33056,4,4.3198,4.206,179,9,2,247008,0
64439,4194304,406600,115373,33088,6,6.2868,3.5385,166,20,9,478886,0
49810,4194304,281966,93807,33056,3,5.8516,4.2758,131,23,2,1976663,0
33264,4194304,184869,111757,33120,4,5.26,4.8334,131,15,9,1067507,0
31944,4194304,420359,51844,33056,4,5.1227,5.1333,235,14,5,386497,0
34402,4194304,309127,164946,33056,4,6.0459,4.246,59,13,5,577938,0
3119,268435456,77723,9768,33120,8,6.7541,6.3827,21,2,0,67744,1
27695,4194304,132844,120616,33088,6,4.6786,5.7651,217,16,1,942007,0
53080,4194304,336103,14853,33056,4,4.7251,3.5954,95,6,8,946618,0
65017,4194304,387773,136945,33120,5,6.4606,5.3851,324,8,5,1381109,0
7652,4194304,270411,121496,33120,5,6.0202,4.7005,364,24,4,1805089,0
42287,4194304,268803,74772,33120,5,5.487,3.9396,75,11,4,228157,0
55,268435456,84071,13523,64,1,7.2253,5.5766,26,3,1,40050,1
56347,4194304,417760,176183,33088,4,5.6016,4.1397,274,12,0,1573445,0
14588,4194304,473321,103106,33088,5,5.0297,4.499,399,17,0,885544,0
50856,4194304,421923,63947,33056,6,4.2797,4.7313,236,21,9,1716150,0
5775,4194304,64382,187235,33120,6,6.0318,4.6317,375,7,7,938513,0
15507,4194304,86668,159369,33088,5,5.5431,4.4159,232,23,2,983133,0
4865,4194304,253339,64771,33088,4,4.5478,5.1934,383,18,9,1614547,0
4072,268435456,50784,13116,64,3,6.9084,7.3549,2,3,1,55867,1
64580,4194304,263046,156470,33056,3,4.9095,5.4256,233,5,5,610113,0
3324,4194304,77204,10358,0,1,7.1413,6.5642,4,3,0,30378,1
8083,4194304,449587,57638,33088,4,6.0146,3.8757,165,8,9,618482,0
37717,4194304,58007,57837,33120,4,4.1133,3.5568,155,19,5,1632828,0
60252,4194304,441182,154701,33120,4,5.8406,3.7128,51,22,7,1299234,0
62415,4194304,366837,149777,33120,5,5.1456,5.307,383,16,5,1941419,0
25614,4194304,185230,153326,33056,5,6.431,5.4691,77,20,5,1730664,0
12090,4194304,51252,154991,33056,4,4.6178,3.6758,325,13,3,1977385,0
1445,268435456,27948,4121,0,8,7.4056,7.6193,20,4,1,66606,1
13636,4194304,364473,121822,33120,4,5.5463,4.9447,218,13,5,1711584,0
48907,4194304,471168,65204,33056,6,4.4151,5.5099,261,17,8,884507,0
3284,268435456,49990,3153,0,3,7.4457,6.5059,25,1,1,77788,1
34914,4194304,488661,175092,33120,6,4.5512,4.052,396,13,1,1031226,0
37066,4194304,154573,134988,33120,4,5.0759,4.2352,228,5,1,158775,0
20992,4194304,415821,166075,33120,4,5.1538,5.55,123,8,2,1245412,0
36189,4194304,61246,40087,33120,5,5.8957,5.6258,261,7,5,149862,0
52912,4194304,51759,86619,33056,5,5.3797,4.8877,355,19,9,1611023,0
45186,4194304,56801,22175,33056,3,6.3826,5.3811,58,18,9,613508,0
58711,4194304,210775,69129,33056,6,5.3668,5.0028,263,14,7,473915,0
5830,4194304,391396,36172,33056,3,4.5367,5.5553,149,16,9,1680872,0
43449,4194304,288897,83972,33120,4,5.8337,4.8011,238,18,1,1197659,0
35939,4194304,280203,115361,33120,5,4.1733,5.272,168,18,5,288366,0
645,268435456,51930,11867,33120,2,7.2489,6.6366,24,3,1,15411,1
18916,4194304,472405,39711,33120,5,4.3933,5.069,68,22,3,382336,0
25339,4194304,222502,67492,33056,4,6.0669,4.2315,343,8,6,1608274,0
33471,4194304,441020,112215,33088,4,5.9594,4.0905,65,18,3,1377676,0
9333,4194304,82265,67660,33120,5,5.8696,4.2321,236,11,4,1890070,0
61106,4194304,358684,77957,33088,3,6.0088,3.7462,380,14,9,85757,0
19183,4194304,74071,138583,33088,4,4.005,3.8595,155,20,6,383964,0
51416,4194304,143607,36155,33120,5,5.5765,4.9039,122,17,9,1869833,0
32857,4194304,251579,36916,33120,5,4.2373,4.3364,176,6,1,678373,0
7363,4194304,316901,111459,33088,5,6.4405,4.7842,74,10,2,1319570,0
39291,4194304,429862,172932,33056,4,6.4356,5.6644,59,17,3,1974774,0
2212,268435456,32328,8189,33120,2,7.5669,6.4383,13,1,0,31844,1
56198,4194304,418432,31563,33120,5,4.105,5.7929,162,9,7,944738,0
2261,4194304,52598,1681,0,2,7.6937,5.6027,26,2,1,56574,1
60982,4194304,483478,112870,33056,5,5.9611,4.2766,190,19,5,781188,0
2986,4194304,80133,12859,64,8,7.3653,6.432,10,1,0,35776,1
28634,4194304,99407,98929,33056,4,4.374,4.2853,186,10,6,1997175,0
3466,4194304,16294,10737,0,2,7.4335,7.4732,3,1,0,25092,1
29542,4194304,162816,142413,33088,6,5.4002,4.5635,150,5,3,1703172,0
20119,4194304,139930,94458,33120,3,5.0167,5.5467,244,13,2,1216572,0
55089,4194304,143070,92711,33120,5,4.0334,4.0775,237,11,8,1618487,0
54776,4194304,403411,174644,33120,6,6.0119,4.0811,333,20,2,455123,0
2500,4194304,73950,11817,64,3,6.7123,6.133,15,1,1,12045,1
3605,268435456,92566,9355,0,8,7.5893,6.1667,14,2,0,7260,1
27451,4194304,479474,28639,33120,4,4.7022,5.1132,136,8,0,1802276,0
556,268435456,65645,7220,0,1,7.9615,6.2562,13,2,0,50213,1
36841,4194304,379728,147612,33120,4,6.3328,3.729,246,24,2,290491,0
30405,4194304,385621,132744,33056,5,5.4884,4.0324,390,16,8,1599161,0
15357,4194304,268967,191749,33088,4,5.5408,5.0603,138,21,5,669225,0
3524,268435456,79804,5284,0,1,6.847,7.0661,27,1,0,22045,1
27872,4194304,239089,182070,33120,4,4.7914,5.3158,323,20,8,604636,0
21664,4194304,487477,16150,33088,3,6.0735,4.1427,327,8,0,447597,0
904,4194304,58175,14162,0,3,7.2689,7.5039,24,4,0,17938,1
46015,4194304,388269,71246,33056,4,5.148,4.8451,83,21,2,674860,0
167,4194304,35783,7695,0,2,6.9834,7.2231,4,4,1,39033,1
46738,4194304,197820,122217,33056,3,6.4691,3.8002,233,13,0,1296715,0
10872,4194304,144074,54547,33120,3,4.7822,4.4742,64,7,3,171070,0
6843,4194304,138092,128865,33120,3,4.5801,4.3537,203,6,9,773879,0
2770,4194304,32713,4799,33120,8,6.9084,7.1833,4,4,0,51156,1
33395,4194304,498874,135991,33088,6,4.0875,4.2719,376,23,9,1154399,0
4286,4194304,187541,41598,33088,4,5.6974,5.2664,134,5,9,1442262,0
637,268435456,37583,1473,33120,10,7.4312,7.6734,11,1,1,22771,1
2180,268435456,21304,4743,33120,3,7.9271,6.581,20,4,1,33810,1
7469,4194304,189649,168562,33056,5,5.5976,4.1839,64,15,2,60514,0
1895,4194304,20248,10935,33120,3,7.4463,6.8275,18,3,0,6746,1
5774,4194304,410286,97833,33056,5,5.0883,4.9541,286,6,3,1150597,0
2423,4194304,98311,7007,0,2,7.1181,6.0286,8,3,0,35505,1
3395,4194304,45958,8959,0,3,7.2338,6.1754,29,1,0,78596,1
16629,4194304,55287,15626,33120,5,4.5086,4.3696,220,8,3,884938,0
3078,268435456,27369,5994,0,10,7.3543,6.8138,21,2,0,40053,1
1080,65536,64072,8372,64,3,7.359,6.5253,7,1,1,57115,1
50281,4194304,104917,106347,33120,5,5.8109,4.2423,343,18,8,1141014,0
2286,268435456,84944,7583,64,8,7.5785,6.6081,10,3,0,74810,1
12206,4194304,368714,79626,33056,4,4.6725,3.6382,70,21,0,1261960,0
1308,65536,40393,12162,0,8,6.669,6.4025,9,2,0,19193,1
18135,4194304,172402,55186,33120,5,6.4989,3.9565,99,24,8,463151,0
313,4194304,93222,2006,0,3,7.4867,5.908,13,3,1,24340,1
3603,268435456,20928,11819,0,8,7.3728,7.0634,28,2,1,37442,1
40304,4194304,267516,192958,33056,5,4.2861,3.5297,150,13,2,1109370,0
21358,4194304,160133,160322,33088,4,4.7381,5.4699,147,23,1,95807,0
34176,4194304,111877,197918,33120,4,6.041,5.2208,137,9,2,1508240,0
9148,4194304,234245,53585,33120,5,5.8695,5.7674,275,14,5,1703005,0
29947,4194304,164065,45737,33088,6,5.3613,5.0999,338,16,9,532450,0
21525,4194304,438538,174134,33088,5,4.9338,5.2459,119,14,8,953923,0
49621,4194304,98447,102124,33088,5,5.9659,5.0244,384,9,7,998319,0
63127,4194304,143501,118856,33088,4,4.1871,3.843,201,10,4,1054411,0
32347,4194304,383468,59153,33088,5,6.3962,5.5672,163,11,1,531153,0
39366,4194304,324486,43997,33088,6,4.7591,5.4925,223,15,5,397328,0
61775,4194304,300869,84131,33120,4,6.1526,4.7661,363,24,4,1235270,0
44072,4194304,411801,21046,33088,4,4.8815,4.1504,359,14,0,1136922,0
34836,4194304,253196,130674,33120,4,6.0207,4.934,228,7,7,1121512,0
15933,4194304,215421,34354,33120,4,4.8424,4.5415,184,11,6,717538,0
27424,4194304,132152,84553,33088,6,5.8669,4.6803,273,23,7,433609,0
2632,268435456,92502,9730,0,8,6.5472,5.9208,26,3,1,11869,1
53176,4194304,499613,195309,33120,4,4.2438,4.7893,378,6,9,1747141,0
6945,4194304,339450,26082,33056,5,5.5958,4.2758,257,18,7,374058,0
3041,4194304,29226,5259,0,1,6.939,7.4934,25,1,0,17012,1
59165,4194304,476752,93310,33088,5,6.0665,3.7923,272,11,7,1273045,0
10361,4194304,400605,95595,33056,4,4.3425,5.0136,224,20,9,1331745,0
3894,268435456,83894,14744,0,2,7.7689,7.1273,5,3,0,37642,1
22527,4194304,264532,172491,33088,6,4.775,4.7852,237,18,9,896462,0
47580,4194304,172883,30953,33120,5,6.2042,3.7429,105,8,3,327834,0
41316,4194304,175885,120198,33056,6,5.2791,3.8121,179,20,0,779024,0
55101,4194304,128587,192256,33120,5,6.4551,4.3242,158,17,9,1810508,0
29280,4194304,437971,179269,33056,6,4.2927,4.692,244,15,1,1714092,0
22051,4194304,404518,183312,33088,5,4.4203,4.4721,252,16,4,529969,0
19298,4194304,461597,174053,33088,4,5.0374,4.6476,91,9,7,351033,0
23627,4194304,114772,110734,33088,4,4.2358,5.2652,130,14,0,430572,0
37592,4194304,69816,96475,33088,4,5.5076,4.2245,194,24,9,243691,0
1359,4194304,61131,6787,33120,2,7.8323,6.9147,10,2,1,57132,1
24176,4194304,387889,112665,33120,4,6.3532,3.9698,58,19,1,1331258,0
60652,4194304,96197,140406,33120,4,4.66,5.0977,157,10,4,1859345,0
4293,4194304,252846,189352,33120,4,5.6801,4.1624,202,17,2,1740263,0
48160,4194304,122274,102241,33056,3,4.1916,3.6163,165,11,2,693012,0
39318,4194304,77532,23350,33088,4,4.3134,5.6597,219,22,1,689724,0
12431,4194304,233675,99393,33088,4,5.788,5.3118,125,19,7,1948763,0
33220,4194304,126325,120091,33120,3,6.1229,3.6106,76,14,9,1519042,0
3609,4194304,9947,5225,33120,1,7.4038,6.0502,18,3,0,51566,1
8873,4194304,175501,64615,33056,5,5.3701,4.8926,347,22,2,1975656,0
3788,268435456,86754,8838,0,2,7.6574,6.0695,27,3,1,33546,1
49777,4194304,82254,62307,33120,4,6.3786,5.2961,327,17,1,1796988,0
52129,4194304,216619,93559,33088,5,6.0451,5.7809,137,20,2,559163,0
17163,4194304,369187,141132,33056,4,6.2401,3.7047,350,18,4,1548117,0
61554,4194304,433152,108317,33088,6,5.7267,3.8412,327,15,5,1307848,0
3201,4194304,10387,9907,33120,2,7.8357,6.0752,18,2,1,30146,1
22984,4194304,256524,43397,33088,5,4.9899,4.2431,373,10,7,1757348,0
64691,4194304,220987,10661,33056,4,5.8325,5.6656,383,17,3,1162464,0
20467,4194304,114291,104377,33056,4,6.2779,4.3792,175,24,2,1328343,0
49332,4194304,60954,110732,33088,6,5.8735,3.8888,177,9,6,1951433,0
23456,4194304,416824,166497,33088,4,5.8571,5.6693,354,20,4,469924,0
58364,4194304,443600,100600,33056,5,4.1297,5.3917,217,11,7,1218391,0
53312,4194304,438043,164222,33120,4,4.1135,4.1757,222,23,3,1233493,0
289,268435456,73711,10080,0,2,6.9471,7.6246,20,2,0,63105,1
24152,4194304,293322,142997,33088,5,4.5431,5.477,230,10,0,434903,0
26758,4194304,481304,178976,33056,5,5.0399,3.8272,362,8,9,1375499,0
145,268435456,55762,3536,33120,1,6.9003,6.3939,23,1,1,25044,1
37923,4194304,392786,104457,33056,3,5.2063,4.3168,50,23,1,1467563,0
49639,4194304,224944,127832,33088,6,5.16,4.8623,376,22,8,1367964,0
25652,4194304,367267,181672,33088,6,5.5768,5.2792,328,8,1,1548118,0
6423,4194304,187326,138301,33056,5,5.7595,4.7228,285,9,1,1209606,0
32739,4194304,449384,163606,33120,4,5.2911,4.802,258,22,7,976097,0
65324,4194304,71447,194374,33120,5,5.1582,4.2641,77,9,4,359963,0
56038,4194304,388024,156968,33120,6,6.1262,5.6625,124,6,4,632933,0
56405,4194304,323060,152194,33056,3,5.9554,3.7435,270,16,4,933435,0
9696,4194304,194990,11435,33056,6,5.0277,4.2763,128,9,9,1066783,0
32117,4194304,351908,79346,33088,4,4.8896,5.5605,128,19,1,733725,0
64175,4194304,412920,159859,33056,4,6.1816,4.9409,200,16,5,1336353,0
2896,268435456,44994,2195,33120,3,7.3539,7.4241,27,2,0,60032,1
18493,4194304,229374,191180,33056,5,4.7562,5.2299,96,10,0,1986983,0
2089,4194304,16340,7266,64,8,6.7184,5.9237,4,3,1,62802,1
3985,4194304,15082,1152,64,3,7.5135,7.0403,17,3,0,19026,1
2711,268435456,48220,7946,64,2,7.8213,6.6648,12,1,0,42338,1
6791,4194304,96427,173059,33056,4,5.4761,4.18,331,10,9,1983690,0
34541,4194304,389978,156385,33120,4,4.7953,5.7436,72,10,3,365104,0
42563,4194304,57561,59708,33056,5,6.3563,3.8035,97,17,8,1660245,0
36403,4194304,415321,176129,33088,3,6.1885,4.6002,180,18,7,895753,0
57740,4194304,88000,101155,33088,6,4.1912,3.9586,128,23,3,881431,0
31480,4194304,364997,131750,33088,4,5.9398,4.3275,362,19,2,282362,0
3258,4194304,22276,2902,33120,8,7.7568,6.7149,12,1,0,53812,1
30201,4194304,420463,45435,33056,3,6.3812,5.3021,97,20,6,1710100,0
33995,4194304,290773,142632,33088,6,5.015,4.18,331,13,9,1970773,0
2957,65536,12310,996,0,3,7.8831,5.9772,19,3,1,70782,1
11453,4194304,445933,117803,33088,6,5.3247,4.9212,323,6,7,851123,0
1310,65536,88990,12295,0,3,6.9111,6.4696,18,1,1,49324,1
3933,268435456,55621,1409,33120,10,7.841,6.4456,4,2,1,32207,1
57497,4194304,176108,167702,33120,4,5.87,4.2073,189,23,6,1375930,0
3863,4194304,93031,8022,33120,8,7.8304,5.9678,13,1,0,51638,1
7010,4194304,270178,89671,33056,6,4.5493,3.5555,63,24,1,1140284,0
42456,4194304,423220,134165,33088,5,5.9627,4.466,332,7,4,1845673,0
783,268435456,24510,9991,0,1,7.8237,5.673,3,4,0,62623,1
53785,4194304,462432,36431,33120,6,5.0114,5.0206,154,11,6,230580,0
32769,4194304,300875,153748,33088,4,4.2578,4.8839,213,8,9,217558,0
3394,4194304,60989,12163,64,1,6.9386,5.8738,6,4,1,76838,1
44860,4194304,194118,146156,33120,5,5.2234,5.7449,398,10,6,1223269,0
14825,4194304,115545,180286,33120,6,5.7866,3.8107,50,14,9,1034766,0
13364,4194304,418501,31172,33120,5,6.1987,5.4207,176,5,5,1616089,0
58980,4194304,431863,134677,33088,3,4.5104,4.9178,175,20,1,1090532,0
13570,4194304,486160,125608,33056,6,6.4548,5.2987,217,6,2,968472,0
3153,65536,56720,8380,33120,8,7.1665,6.4015,5,3,0,76468,1
53807,4194304,415060,190858,33088,4,4.3765,4.6248,72,6,0,618933,0
56087,4194304,367320,142028,33088,4,5.2354,4.3511,52,6,0,238929,0
16279,4194304,396861,55648,33088,5,6.1496,3.8671,108,20,4,1399651,0
1360,268435456,26605,4848,0,10,6.5503,7.2979,20,1,0,59708,1
2131,4194304,73047,5012,0,2,7.0244,7.6534,18,1,0,73232,1
44390,4194304,165765,17564,33120,4,5.57,4.0522,58,15,4,312512,0
58194,4194304,443170,142311,33120,5,5.1044,3.5483,347,6,7,970267,0
53211,4194304,228954,180515,33056,4,6.373,4.2949,92,7,8,1714005,0
38850,4194304,107108,76262,33088,4,6.3491,4.2241,64,19,5,1374054,0
30307,4194304,183515,193651,33056,6,5.7654,3.854,234,8,9,1538204,0
50310,4194304,62910,12719,33088,3,5.1083,4.0966,366,24,5,1434439,0
1186,4194304,79495,14018,0,1,7.9424,5.6618,6,4,1,69068,1
38946,4194304,348512,98397,33120,4,5.6064,5.1059,369,10,2,883147,0
33951,4194304,439593,115595,33088,3,5.2338,3.6511,238,14,9,1781821,0
48513,4194304,188013,95431,33088,3,5.9632,4.8259,57,14,0,986780,0
21602,4194304,307164,121453,33120,6,5.9735,5.3439,143,14,2,545288,0
17380,4194304,413339,21653,33120,5,6.4182,4.0348,337,20,8,1617043,0
13531,4194304,482882,197518,33056,5,5.6856,4.1856,247,8,5,234484,0
42655,4194304,273777,145566,33088,3,4.3599,4.9909,369,14,4,1693062,0
54896,4194304,379211,125005,33088,5,5.0283,4.0405,206,6,4,821279,0
64623,4194304,385832,81719,33088,5,5.0485,5.6319,153,16,1,1168824,0
63677,4194304,326633,33510,33088,4,5.5626,5.5082,293,22,2,1044424,0
3523,268435456,87861,3588,0,3,7.9795,6.905,23,1,1,66993,1
270,65536,94506,3189,0,10,7.2385,7.5116,9,2,0,69303,1
39839,4194304,114323,39241,33120,5,4.5092,4.9232,374,14,1,1944018,0
46072,4194304,145257,35931,33088,5,4.1929,3.8045,334,16,8,1130701,0
44070,4194304,477603,22857,33088,3,4.7138,3.5423,81,21,6,439821,0
64499,4194304,64153,151398,33120,6,6.2293,3.6534,93,9,3,484368,0
956,65536,45969,6373,0,8,7.2193,7.3655,4,4,0,69230,1
3324,268435456,46002,3284,0,8,7.5282,7.5994,19,1,0,13744,1
1318,65536,57300,11915,33120,3,7.0593,7.638,14,1,1,34655,1
51989,4194304,352775,166755,33056,5,5.2855,5.7878,196,9,6,1590710,0
768,65536,14425,8319,33120,1,6.8357,7.2239,27,2,1,78228,1
1687,4194304,28977,3416,64,2,7.8966,6.8042,21,4,0,19901,1
39343,4194304,427177,172962,33056,6,4.0394,4.4181,104,8,0,1217498,0
2886,4194304,12848,12403,0,8,7.7484,7.3122,13,2,1,34960,1
52192,4194304,240279,171087,33056,4,4.5181,5.2396,377,22,2,64429,0
2197,65536,22323,2289,64,3,6.9374,6.0158,7,1,1,23961,1
41329,4194304,379650,193341,33088,5,6.1538,5.5498,171,6,9,1321179,0
15226,4194304,159575,78785,33088,6,5.6605,3.8288,203,15,7,969091,0
15749,4194304,415477,41653,33120,5,6.3908,5.0411,84,9,6,166908,0
17641,4194304,462974,39430,33056,5,5.0764,5.0842,118,16,0,775155,0
21546,4194304,63224,96652,33088,5,4.0624,3.9546,356,14,3,1135852,0
9152,4194304,179473,61474,33088,3,5.0362,5.6004,158,16,6,253460,0
45037,4194304,379588,95553,33056,6,5.1262,5.3555,344,9,1,119893,0
61097,4194304,331209,191532,33056,4,5.9327,4.8262,394,17,5,1249110,0
57017,4194304,108596,89083,33056,6,4.9481,5.4316,119,17,8,788157,0
49549,4194304,292926,161563,33056,6,4.3249,5.3037,197,11,4,467230,0
27145,4194304,196400,102447,33056,3,5.037,5.5878,385,12,3,1183009,0
705,4194304,44419,4177,33120,2,6.9437,6.455,26,2,0,33013,1
3969,4194304,98464,9093,0,2,7.2322,7.2241,16,2,1,76934,1
1957,65536,19274,4188,64,3,6.9122,7.4329,15,3,0,12910,1
1664,268435456,40645,6830,64,3,7.5068,6.3617,3,4,1,46542,1
64788,4194304,493056,71367,33056,4,5.5475,5.3202,265,5,2,328187,0
41161,4194304,405540,61226,33088,5,4.3595,5.2336,263,12,6,287902,0
25702,4194304,152974,162876,33088,3,4.6456,5.0746,234,10,2,893810,0
36064,4194304,497087,193465,33120,5,5.0291,4.8212,148,9,9,641293,0
56034,4194304,256592,130585,33056,5,4.7651,4.4065,166,14,4,1362595,0
12083,4194304,142263,184480,33056,5,5.4713,4.9833,207,11,3,480423,0
32170,4194304,482498,36017,33120,5,5.0346,4.9122,277,12,3,491168,0
7516,4194304,284936,87475,33120,5,4.6093,4.5224,321,24,2,1234801,0
19434,4194304,64060,95708,33056,5,5.6937,4.9133,247,22,8,1721401,0
2485,4194304,79163,5116,0,1,7.7086,7.4421,8,3,0,39283,1
46653,4194304,194528,46062,33088,4,6.1082,4.445,231,15,5,1412227,0
25453,4194304,145462,192828,33120,6,4.0708,4.2215,90,8,0,300768,0
35763,4194304,266454,16570,33088,4,6.4794,3.5284,104,5,8,1792115,0
65231,4194304,154592,79274,33088,3,5.0219,3.5144,112,9,1,162223,0
45651,4194304,307009,44707,33056,5,6.4384,5.5827,156,9,1,1454568,0
2653,268435456,59545,8189,0,1,7.5997,6.9905,11,3,0,7693,1
25930,4194304,349888,62375,33120,5,6.4038,4.0204,171,9,2,526857,0
58439,4194304,139780,172552,33056,4,6.1599,4.583,116,5,8,490924,0
4824,4194304,187717,91537,33056,5,6.2456,3.9528,314,19,5,1507230,0
48015,4194304,456215,89148,33088,5,4.0342,5.6449,146,17,7,1740129,0
2681,4194304,75658,11085,0,1,7.6685,5.7722,11,2,0,29756,1
50048,4194304,498396,167087,33088,5,6.2212,5.1986,211,23,6,1184077,0
42852,4194304,202638,54738,33088,4,5.0885,5.0605,186,22,6,1240064,0
35385,4194304,65524,84744,33120,6,4.2592,5.7803,383,5,8,1180788,0
28148,4194304,191467,111520,33088,4,4.9386,4.3546,225,6,1,177602,0
10929,4194304,228595,82099,33088,4,4.136,3.7446,55,17,0,1951209,0
36702,4194304,333876,14263,33088,3,6.1146,4.5711,387,18,3,113079,0
712,268435456,54832,12863,0,8,7.6841,7.6352,24,1,0,15638,1
30188,4194304,416036,71272,33120,4,6.2115,4.7044,215,19,4,862002,0
11175,4194304,479671,56167,33088,4,4.9655,5.5568,80,8,1,422646,0
25391,4194304,76734,195374,33056,4,5.1155,4.4441,148,18,6,463811,0
44424,4194304,428892,138386,33120,3,6.1854,3.5031,332,6,9,329365,0
35647,4194304,444540,24596,33120,4,5.38,3.558,383,21,7,1496373,0
45530,4194304,243928,177292,33120,4,6.4176,4.4351,249,16,4,235784,0
8456,4194304,442092,74178,33056,5,5.9514,4.069,203,10,7,1337273,0
599,65536,75027,14750,64,2,7.7323,5.5334,10,2,0,63031,1
14010,4194304,335668,149892,33120,5,6.2664,3.5349,394,18,5,340655,0
43600,4194304,212993,186492,33120,6,4.5089,5.5997,200,13,7,555180,0
57803,4194304,51542,14425,33056,4,5.8303,3.8028,162,15,4,801943,0
3003,268435456,33314,13068,64,3,6.7641,7.3415,6,2,0,12887,1
31347,4194304,213121,64620,33088,4,6.3382,5.3252,53,12,6,1850493,0
11551,4194304,311987,144165,33120,4,5.9412,5.3204,211,21,8,200635,0
44050,4194304,323629,168492,33120,4,4.6784,4.6582,320,23,1,213543,0
9635,4194304,155977,94082,33120,4,5.5949,5.681,249,20,9,1117383,0
48311,4194304,479802,55028,33120,4,5.7395,4.5078,246,13,2,1910040,0
44914,4194304,235625,199004,33088,4,6.0233,4.2636,255,6,6,1020584,0
35073,4194304,225399,35963,33056,6,6.3498,4.2314,336,19,1,291540,0
51071,4194304,100448,174202,33088,4,5.1738,5.2977,136,16,0,333126,0
12404,4194304,148723,66985,33120,4,4.5626,4.0192,268,14,9,1600531,0
49113,4194304,137958,194403,33088,5,5.8283,5.546,181,24,6,1956335,0
42756,4194304,316979,173993,33088,3,4.1298,4.7489,207,8,2,853051,0
47097,4194304,356626,178671,33056,4,6.3871,4.0453,351,16,3,1766473,0
54228,4194304,354245,37082,33056,4,5.884,4.5268,130,7,2,192012,0
33318,4194304,402618,133629,33088,6,6.2915,5.0018,268,7,2,1744144,0
6123,4194304,59337,124130,33120,5,5.3301,3.9423,134,6,5,225324,0
486,65536,19963,3629,64,3,7.7672,7.7602,8,4,1,60048,1
8876,4194304,62219,146848,33088,5,5.8577,4.4462,231,13,4,122178,0
3688,268435456,72853,4290,0,8,7.3604,6.7868,10,4,0,38481,1
3238,65536,63328,6372,33120,1,7.3333,6.6789,11,4,0,26213,1
27993,4194304,54748,169601,33088,5,5.2818,5.6727,372,10,4,780351,0
2433,65536,37328,13978,64,1,6.7229,6.3859,22,4,0,69377,1
48227,4194304,124460,172893,33056,6,5.5913,4.6819,65,20,5,1861049,0
15061,4194304,106178,30581,33056,5,5.3562,4.1278,396,10,6,501069,0
4285,4194304,78295,33236,33088,4,6.4004,5.6595,220,8,7,147469,0
22166,4194304,332272,185485,33056,5,5.6831,3.6403,146,6,4,766605,0
46501,4194304,138869,160201,33088,4,6.0841,4.2006,361,19,4,713431,0
49247,4194304,50404,132732,33088,4,4.3554,3.8987,308,12,3,976502,0
50448,4194304,114077,159381,33056,5,4.914,3.9354,181,14,2,697601,0
47037,4194304,251152,84910,33088,6,4.2962,4.8457,70,22,0,214244,0
60514,4194304,155947,130030,33120,4,4.4768,4.7489,368,7,7,1377654,0
45702,4194304,477794,148155,33120,5,5.2867,5.2289,141,18,3,487359,0
3786,65536,98293,9972,0,3,7.6023,5.9291,20,4,0,45741,1
51350,4194304,334718,44701,33088,5,5.6767,4.7866,240,6,4,369586,0
9200,4194304,336586,89530,33088,5,4.1381,3.5241,198,5,1,444569,0
4513,4194304,358384,106059,33120,5,4.6157,4.8634,264,17,1,1664412,0
21305,4194304,69097,55893,33088,4,5.7086,5.5009,150,10,7,1037886,0
56179,4194304,205286,170829,33088,5,5.4091,4.1396,258,18,3,1966195,0
47500,4194304,375875,136503,33120,3,5.1372,4.7081,257,6,5,366759,0
57011,4194304,131317,55084,33088,5,4.5135,3.8589,62,14,5,1070021,0
42609,4194304,197313,135818,33120,4,6.0002,4.9131,166,24,7,1749134,0
35312,4194304,365585,97266,33088,4,4.669,4.6606,355,24,5,1240129,0
47621,4194304,443333,164893,33056,4,5.4554,4.7309,389,10,1,1440752,0
1386,65536,91148,12506,64,3,7.5429,6.5276,18,1,1,22110,1
1794,4194304,79408,7690,33120,8,6.5549,6.7969,2,1,0,65839,1
2196,268435456,5002,14386,0,8,7.514,6.9684,17,3,0,5036,1
51419,4194304,233401,42733,33056,4,6.4474,4.2171,317,16,9,346412,0
31986,4194304,250244,34070,33088,6,4.0402,4.8373,275,12,1,122782,0
51812,4194304,467009,135995,33120,5,4.0517,3.5116,336,10,9,1375831,0
31332,4194304,355447,167661,33056,6,4.0366,4.0834,69,21,2,339372,0
4508,4194304,296726,74674,33056,5,4.5014,4.5808,393,12,6,1644046,0
28832,4194304,158099,58874,33120,3,5.9663,5.2283,276,9,1,1049647,0
24587,4194304,230760,94878,33120,3,5.7143,3.7558,90,7,2,539858,0
23874,4194304,226659,154097,33056,5,4.0554,3.5541,356,7,5,567537,0
2878,65536,9922,512,0,8,7.6577,5.807,14,4,1,53697,1
4794,4194304,76737,10281,33120,5,6.4668,4.1083,204,13,1,1641346,0
28349,4194304,67640,99563,33088,5,4.6383,3.9596,229,6,4,566379,0
58117,4194304,452400,74288,33088,6,5.0829,5.4257,148,13,3,676115,0
51036,4194304,51062,29623,33056,4,5.4756,5.1817,279,22,0,659723,0
19891,4194304,339336,73230,33120,5,4.4508,5.663,126,18,1,1564965,0
307,268435456,6312,11957,33120,10,7.5819,7.0213,21,4,1,5591,1
191,65536,49813,4890,0,2,7.3406,7.2457,11,4,1,68925,1
52843,4194304,385484,167215,33120,4,4.9769,4.5174,132,8,8,1429656,0
5681,4194304,280907,91994,33088,5,6.4359,5.0511,163,11,0,440447,0
47785,4194304,234402,147809,33056,6,5.5398,5.1093,65,21,6,1989309,0
23038,4194304,269930,154931,33056,4,6.1356,4.8889,61,5,5,538161,0
20875,4194304,431758,86260,33056,5,5.7667,5.6514,395,7,6,549964,0
23286,4194304,158872,189362,33088,3,6.0515,4.2448,155,22,5,1554227,0
12850,4194304,471240,154059,33056,4,6.0722,3.9798,313,14,8,426440,0
40308,4194304,288213,77889,33056,4,5.5866,5.0097,142,14,0,1451959,0
55503,4194304,316765,116532,33056,5,5.9269,4.5172,364,11,4,1908940,0
49854,4194304,346764,11622,33088,5,5.4083,5.4619,265,21,8,900712,0
24541,4194304,224293,158746,33056,5,4.5101,5.1395,56,18,7,419061,0
946,65536,54228,1923,0,1,7.8894,7.0026,23,4,0,64965,1
25795,4194304,199646,182760,33088,3,5.5135,5.5762,365,13,4,87310,0
35161,4194304,233868,113320,33088,5,4.8899,5.387,264,14,1,98113,0
11496,4194304,377299,169476,33056,6,5.543,4.5721,75,24,0,104213,0
36658,4194304,331342,135341,33120,5,6.3375,3.8171,357,11,8,87493,0
64884,4194304,88102,97127,33088,6,4.2722,4.4571,392,24,0,672215,0
10642,4194304,454530,192020,33120,5,6.3407,4.1571,265,19,4,1931227,0
5177,4194304,263942,78577,33056,5,5.942,3.7016,114,16,4,204404,0
20578,4194304,191339,96231,33120,5,5.4971,3.5223,50,21,9,1209070,0
42719,4194304,415340,34951,33056,4,4.5111,4.2639,357,17,3,840073,0
21508,4194304,111813,190553,33088,4,5.2047,3.9075,350,23,6,941255,0
513,4194304,20916,2145,0,2,6.5429,5.6862,18,3,0,13521,1
238,65536,54882,12888,0,10,6.9192,6.4941,11,3,1,74157,1
59732,4194304,126077,161094,33056,5,4.0429,4.8768,241,7,6,566576,0
197,268435456,23847,11208,64,10,7.7462,6.8336,5,1,1,36357,1
42306,4194304,92533,158554,33120,5,4.2857,4.5832,149,6,4,1866418,0
3196,268435456,89629,4067,64,3,6.65,6.2465,19,2,0,28447,1
44207,4194304,307665,148496,33120,5,4.3185,3.8298,108,23,2,857400,0
1585,65536,72560,12165,0,1,7.2509,7.3753,16,1,0,65719,1
4759,4194304,65254,37788,33056,5,6.195,5.5648,296,20,0,1790326,0
4972,4194304,200168,61195,33056,5,5.9358,3.7929,111,18,4,249899,0
1293,65536,18450,11367,0,8,7.7157,5.8379,6,3,0,16268,1
53252,4194304,268134,16154,33088,5,4.3967,3.5977,368,22,5,1310555,0
30240,4194304,331400,41585,33056,6,4.1745,5.5071,120,16,9,72995,0
22237,4194304,228998,47641,33120,5,5.6629,3.7689,201,6,4,1461746,0
21197,4194304,360914,129273,33056,5,4.0079,4.4548,387,11,7,189565,0
28203,4194304,90738,138267,33120,4,4.4286,3.9152,253,14,5,1657387,0
56575,4194304,230448,36029,33088,5,5.4385,4.9832,65,12,1,663587,0
22167,4194304,479460,90818,33088,4,6.3126,3.6405,229,11,7,1463110,0
42850,4194304,297754,94976,33120,6,5.2109,5.0001,277,21,4,1884640,0
12888,4194304,337433,189357,33120,4,4.0011,4.1104,186,18,9,1717906,0
54432,4194304,239139,21745,33056,4,5.3667,4.6516,197,13,6,336629,0
7147,4194304,193026,116661,33120,3,4.8674,3.7939,73,11,6,924506,0
2514,268435456,96549,14513,64,2,7.8988,6.9503,16,3,1,33555,1
41937,4194304,183554,147348,33056,5,5.1874,5.79,390,22,3,259097,0
58480,4194304,377359,170701,33120,4,4.9536,5.4196,309,24,7,1179347,0
60197,4194304,204697,131300,33088,6,6.2985,5.5001,376,5,9,129971,0
60346,4194304,78732,155271,33088,4,5.5687,4.3731,367,14,8,585827,0
22807,4194304,310669,162267,33120,3,4.4173,3.569,340,18,7,1788667,0
36578,4194304,370285,101748,33056,3,5.8846,3.9356,362,14,0,1963616,0
64914,4194304,266464,196691,33088,5,5.5137,4.0152,295,12,3,194378,0
104,268435456,89216,14239,64,8,7.9014,5.5355,9,2,1,7274,1
44438,4194304,324907,80342,33088,5,4.2972,5.6848,195,19,3,231549,0
6653,4194304,481734,109616,33088,6,5.2502,3.9915,56,8,1,302515,0
2175,4194304,45931,3729,64,8,7.5851,5.626,20,2,1,43596,1
8831,4194304,73275,52534,33056,4,5.8563,3.9445,73,16,6,755853,0
15189,4194304,97362,62930,33120,4,6.1433,4.6768,300,21,6,1070346,0
50939,4194304,462478,75160,33056,4,6.2788,3.985,85,22,1,1976252,0
54613,4194304,431915,188686,33120,5,5.942,4.5146,254,20,2,1056425,0
55759,4194304,413714,50042,33120,3,4.0167,4.1034,389,11,4,1280478,0
27385,4194304,261951,12920,33056,6,4.3461,5.1845,84,21,1,635581,0
62935,4194304,373673,156922,33120,5,4.1533,4.9251,281,12,0,1757229,0
39353,4194304,110279,18946,33120,4,5.4237,5.7429,116,12,4,118515,0
1309,4194304,72421,6949,64,1,6.5718,7.6957,21,3,0,70129,1
15630,4194304,309747,187900,33088,4,5.0024,5.2788,125,18,8,1644441,0
63136,4194304,394982,96988,33088,5,6.2881,3.6205,263,12,7,307137,0
17513,4194304,426965,181024,33120,5,5.6989,5.2792,75,13,3,1328744,0
37924,4194304,325378,34860,33056,5,4.7775,5.7764,71,20,4,1847173,0
15207,4194304,420608,17906,33120,3,6.1533,4.4977,121,8,0,1289861,0
30035,4194304,369235,97312,33120,5,4.7721,4.3315,94,14,1,1725228,0
4795,4194304,358658,133786,33088,4,5.0368,4.6663,385,10,5,678758,0
55310,4194304,61023,169841,33056,4,5.2891,4.1728,65,22,0,1717841,0
17596,4194304,210558,74881,33120,5,5.5751,3.775,255,16,0,1818407,0
63831,4194304,229208,137157,33056,4,5.1474,4.6797,382,11,4,581930,0
24860,4194304,468366,189436,33088,5,5.1339,4.1037,105,24,9,1295703,0
62918,4194304,456332,33752,33056,4,4.6889,5.1157,197,12,5,1353446,0
59687,4194304,102528,170445,33120,5,4.7392,3.6277,302,13,1,1786916,0
50741,4194304,303490,12050,33088,5,5.3887,4.0745,86,9,8,157338,0
3644,65536,73295,6627,33120,3,7.0567,6.9547,4,2,0,16825,1
36448,4194304,237210,183279,33088,5,4.0331,3.894,318,21,2,1429641,0
65238,4194304,325987,152736,33120,4,6.2222,5.6214,236,10,5,360258,0
