num_hosts_afectados,tipo_evento_cod,bytes_exfiltrados,duracion_seg,privilegios_elevados,severity
12,6,78122,205,1,2
1,1,205,24,0,0
39,6,2061014,2052,1,3
14,6,392353,404,1,2
1,2,84,17,0,0
1,1,475,2,0,0
1,1,5,24,0,0
2,3,8505,16,0,1
3,2,1448,60,1,1
1,1,23,28,0,0
1,1,346,3,0,0
1,3,6320,99,0,1
1,2,71,29,0,0
3,3,5012,71,0,1
1,2,165,22,0,0
1,2,9311,47,0,1
1,2,161,26,0,0
1,2,419,3,0,0
1,1,56,23,0,0
9,6,277336,368,1,2
1,4,3345,88,0,1
37,6,939717,1380,1,3
3,4,440246,443,1,2
8,4,56233,464,1,2
3,2,9603,16,0,1
1,2,141,3,0,0
1,2,7247,117,0,1
1,2,376,29,0,0
4,4,4457,61,0,1
1,2,278,25,0,0
1,2,226,22,0,0
1,1,275,16,0,0
1,1,437,4,0,0
1,2,490,7,0,0
9,6,381780,582,0,2
8,4,61831,152,1,2
2,4,1377,69,0,1
1,1,325,16,0,0
1,2,18,6,0,0
1,1,441,7,0,0
1,2,267,3,0,0
2,2,3146,16,0,1
1,1,169,27,0,0
1,2,366,1,0,0
1,2,1514,99,0,1
2,2,2580,88,1,1
5,6,360103,599,1,2
1,1,20,26,0,0
6,4,84567,566,1,2
1,1,395,13,0,0
4,6,256471,503,1,2
33,5,3480248,1039,1,3
2,4,3661,83,0,1
3,3,9727,45,0,1
1,2,243,18,0,0
5,4,306773,536,1,2
3,4,61024,239,0,2
1,2,131,5,0,0
2,4,4016,54,0,1
3,3,6840,80,0,1
2,2,6322,105,0,1
14,6,4433817,2841,1,3
1,1,202,24,0,0
1,1,267,7,0,0
2,3,5035,114,1,1
1,1,287,20,0,0
2,4,998,44,1,1
48,7,3328340,3101,1,3
1,1,267,29,0,0
1,4,9626,92,0,1
1,2,9092,37,0,1
6,4,12642,213,1,2
8,5,316391,484,1,2
11,5,4039730,572,1,3
7,5,200167,187,1,2
45,7,3803364,2232,1,3
28,6,3923082,658,1,3
1,2,4806,53,1,1
1,2,317,9,0,0
1,2,397,21,0,0
36,7,3062605,2897,1,3
3,4,6149,76,0,1
1,1,135,29,0,0
1,2,117,4,0,0
1,3,2761,76,0,1
1,2,115,18,0,0
1,1,50,9,0,0
20,7,3935088,2861,1,3
1,1,58,29,0,0
6,6,408968,261,0,2
1,3,1279,49,0,1
2,2,9673,101,1,1
4,3,7055,67,1,1
1,2,403,21,0,0
1,1,213,24,0,0
5,5,211002,522,0,2
3,3,4080,41,1,1
1,1,313,19,0,0
1,2,46,15,0,0
3,3,3166,94,0,1
1,2,190,14,0,0
4,3,8102,70,1,1
1,1,103,21,0,0
34,6,3005700,2633,1,3
1,1,355,21,0,0
1,1,408,9,0,0
1,1,175,23,0,0
45,5,1998339,2970,1,3
14,5,189075,551,0,2
3,4,8042,25,0,1
4,4,293460,567,0,2
27,5,3492933,1472,1,3
10,5,25479,288,1,2
4,3,9029,81,1,1
13,6,408276,511,1,2
4,3,4695,73,0,1
47,6,1185611,385,1,3
1,2,15,19,0,0
3,4,3593,71,1,1
1,3,5147,33,0,1
1,4,3503,87,1,1
1,2,113,7,0,0
10,4,293895,129,1,2
2,2,6169,62,1,1
13,4,140970,307,0,2
6,5,139999,68,1,2
11,6,2770463,2908,1,3
2,4,1573,62,0,1
2,2,7894,119,0,1
17,6,4355933,1992,1,3
1,2,327,17,0,0
11,5,149011,105,1,2
1,1,420,22,0,0
9,6,432984,238,0,2
1,2,1446,116,0,1
23,6,658998,1115,1,3
5,5,217328,467,1,2
1,1,213,12,0,0
4,2,1990,87,0,1
37,6,2887807,3450,1,3
12,4,265669,184,1,2
4,4,1160,113,0,1
1,2,359,20,0,0
4,4,3153,59,0,1
1,3,2236,37,1,1
12,4,318974,282,1,2
2,4,1485,34,0,1
1,4,8560,37,0,1
3,3,4924,52,0,1
11,4,116022,599,0,2
1,2,76,25,0,0
3,2,2254,94,1,1
1,1,463,17,0,0
12,5,339061,503,1,2
1,1,402,13,0,0
1,2,439,28,0,0
11,6,46683,487,1,2
14,6,198726,520,1,2
1,2,363,21,0,0
1,4,7733,93,1,1
1,2,236,2,0,0
2,2,7248,102,0,1
1,1,331,8,0,0
1,1,460,15,0,0
10,5,404718,446,0,2
49,6,659472,2368,1,3
11,5,103476,191,1,2
7,5,90674,538,0,2
2,3,7346,18,0,1
4,2,576,62,0,1
12,6,444352,198,1,2
14,4,103078,65,0,2
1,2,40,26,0,0
31,5,1299288,1309,1,3
20,6,2342360,1528,1,3
45,7,2463957,3578,1,3
1,1,170,13,0,0
2,4,7896,96,0,1
1,2,79,6,0,0
1,1,87,25,0,0
1,1,371,11,0,0
31,7,4508146,2335,1,3
2,4,996,86,0,1
4,6,32738,563,0,2
10,5,2868417,1839,1,3
2,4,6624,66,0,1
7,6,161328,90,1,2
3,4,5911,66,0,1
1,2,276,18,0,0
1,2,9850,71,0,1
1,2,37,23,0,0
11,5,308225,64,1,2
1,4,8367,55,0,1
2,4,5855,119,0,1
1,1,212,24,0,0
9,5,399763,566,1,2
1,1,241,6,0,0
1,2,367,14,0,0
1,2,493,26,0,0
1,4,5502,26,1,1
4,2,8269,100,0,1
4,3,6366,21,0,1
1,2,74,1,0,0
38,6,2270403,1140,1,3
3,4,8812,15,1,1
1,2,2,28,0,0
12,4,190109,291,0,2
3,3,4299,115,0,1
3,4,6055,82,1,1
1,2,31,7,0,0
6,6,38876,440,1,2
1,2,408,15,0,0
4,2,8655,42,0,1
1,3,7970,49,1,1
1,1,345,16,0,0
1,1,399,15,0,0
1,3,6654,40,1,1
1,1,450,18,0,0
1,2,454,3,0,0
4,4,3081,69,1,1
1,1,323,15,0,0
6,5,372462,417,1,2
1,1,95,18,0,0
4,2,5788,67,0,1
1,1,345,26,0,0
2,2,9687,73,0,1
1,1,114,4,0,0
1,2,236,20,0,0
1,2,50,24,0,0
1,1,376,9,0,0
4,4,1171,24,0,1
4,3,9510,27,0,1
1,1,496,11,0,0
4,2,2357,16,1,1
2,2,9353,34,1,1
1,2,401,17,0,0
4,6,298646,60,1,2
1,1,108,25,0,0
13,4,334676,421,1,2
3,4,5274,27,1,1
2,2,9536,119,0,1
1,2,7,7,0,0
4,4,6526,78,0,1
8,4,474505,129,1,2
1,2,45,18,0,0
4,5,48211,479,1,2
3,2,671,68,0,1
7,6,122148,111,1,2
1,4,9193,104,0,1
1,1,388,10,0,0
5,6,296610,541,1,2
38,5,2260511,950,1,3
1,1,341,21,0,0
2,4,1357,37,0,1
1,1,16,27,0,0
2,2,5811,114,0,1
3,3,5320,98,0,1
5,4,316868,341,1,2
1,1,433,2,0,0
1,1,477,19,0,0
1,2,464,9,0,0
7,4,69949,400,0,2
1,2,407,28,0,0
2,2,8277,23,0,1
1,1,31,15,0,0
12,4,331768,413,1,2
5,6,307675,517,1,2
4,3,7405,33,0,1
5,6,133853,86,0,2
14,4,131169,539,1,2
9,6,217158,530,0,2
1,2,124,8,0,0
1,2,298,29,0,0
1,2,274,4,0,0
4,2,1274,111,1,1
4,4,180231,179,1,2
1,2,295,1,0,0
2,4,7581,92,0,1
1,2,479,18,0,0
1,3,6968,58,1,1
4,4,4592,62,1,1
1,2,426,4,0,0
10,5,151449,404,1,2
1,1,410,8,0,0
16,6,1858356,499,1,3
1,1,423,24,0,0
2,4,8278,117,0,1
1,2,195,16,0,0
9,5,290495,142,1,2
3,2,6916,113,1,1
1,4,723,40,0,1
1,2,112,22,0,0
4,2,840,107,1,1
3,2,1466,38,0,1
4,4,3803,56,0,1
3,3,8620,63,0,1
1,3,8333,19,1,1
1,2,270,17,0,0
3,3,604,24,0,1
7,6,242076,431,0,2
30,6,2779023,1890,1,3
9,4,126219,457,0,2
5,6,429364,395,1,2
2,2,6291,78,0,1
1,4,8031,90,0,1
3,3,1167,79,0,1
1,2,419,4,0,0
1,1,45,23,0,0
22,7,4705089,2895,1,3
3,3,6046,33,0,1
2,2,7788,18,0,1
1,4,5190,115,0,1
2,4,2564,82,0,1
1,1,164,8,0,0
20,6,2703463,1941,1,3
1,1,320,7,0,0
17,6,3515624,668,1,3
1,2,269,27,0,0
1,4,9308,113,0,1
6,6,384048,396,1,2
1,1,352,4,0,0
45,5,4325091,1204,1,3
1,2,172,15,0,0
2,4,4286,55,0,1
12,4,129875,553,1,2
4,4,726,62,0,1
11,4,372470,531,1,2
1,2,246,28,0,0
3,2,528,80,1,1
2,4,5035,103,0,1
3,6,110546,389,1,2
1,4,7271,29,1,1
1,2,402,26,0,0
1,1,238,24,0,0
1,1,182,1,0,0
1,3,3389,112,0,1
19,5,4407129,1648,1,3
4,3,3920,100,1,1
1,1,225,20,0,0
26,7,1442529,1654,1,3
21,7,1767403,1261,1,3
1,1,115,29,0,0
1,2,279,29,0,0
1,1,94,26,0,0
3,3,6579,52,1,1
1,1,176,4,0,0
1,2,6926,94,1,1
3,3,2681,63,0,1
10,6,302926,341,0,2
3,2,3425,111,1,1
1,1,498,18,0,0
1,3,6611,42,0,1
1,1,315,10,0,0
6,4,92212,595,1,2
1,2,80,9,0,0
1,1,155,27,0,0
1,2,22,23,0,0
4,2,9359,91,0,1
1,1,366,9,0,0
45,6,4251531,2442,1,3
32,7,1455205,2307,1,3
8,4,78368,495,1,2
3,4,7082,92,0,1
1,2,22,9,0,0
1,1,380,22,0,0
38,7,2108795,1588,1,3
2,3,1629,53,0,1
3,4,9033,61,0,1
43,5,1922533,1694,1,3
3,2,4264,86,0,1
1,2,420,27,0,0
1,2,488,13,0,0
9,4,60939,266,0,2
1,1,365,19,0,0
1,2,241,7,0,0
1,1,374,4,0,0
4,2,883,76,0,1
43,5,1822014,2149,1,3
16,7,2277310,411,1,3
14,6,3104902,1528,1,3
1,1,195,10,0,0
1,2,346,9,0,0
1,1,335,1,0,0
10,5,432593,395,0,2
1,3,3901,38,1,1
1,1,309,15,0,0
1,1,206,12,0,0
3,2,4571,119,0,1
1,1,289,3,0,0
1,1,221,2,0,0
3,4,5890,60,0,1
1,2,169,18,0,0
24,7,3950087,3005,1,3
1,2,193,28,0,0
4,5,355158,423,0,2
1,2,81,22,0,0
1,1,190,19,0,0
4,2,2992,84,0,1
13,6,4268950,2147,1,3
29,6,4726405,3075,1,3
1,3,4935,99,0,1
44,5,4983120,417,1,3
1,1,382,26,0,0
4,3,7915,39,1,1
12,4,499196,370,0,2
4,2,9238,28,0,1
1,2,264,9,0,0
1,1,201,9,0,0
14,5,4905113,1147,1,3
5,4,233177,336,1,2
1,2,270,12,0,0
1,1,105,7,0,0
11,5,77421,198,1,2
4,4,7537,112,0,1
1,1,423,24,0,0
7,4,353130,88,1,2
1,1,156,2,0,0
14,5,248553,336,0,2
4,4,169292,142,1,2
1,2,309,14,0,0
1,1,71,29,0,0
1,1,404,5,0,0
4,2,9618,59,1,1
1,1,272,1,0,0
1,2,281,16,0,0
24,7,1695307,1945,1,3
1,3,1064,80,0,1
1,2,31,10,0,0
1,4,9588,105,1,1
1,2,266,1,0,0
4,4,7468,100,0,1
9,5,306412,499,1,2
2,4,2783,40,0,1
1,1,440,8,0,0
1,3,6290,94,0,1
1,2,114,26,0,0
1,1,484,13,0,0
1,3,3241,91,1,1
4,6,345932,373,1,2
4,6,332174,151,1,2
1,1,146,22,0,0
24,5,1949087,500,1,3
1,2,24,2,0,0
12,5,172421,132,1,2
1,2,475,14,0,0
1,1,422,5,0,0
3,4,4784,56,1,1
2,4,4696,35,0,1
1,2,314,27,0,0
1,1,38,17,0,0
1,2,320,4,0,0
4,4,4436,106,0,1
12,4,436188,287,0,2
1,2,166,20,0,0
10,5,92600,262,0,2
2,2,8205,85,1,1
1,1,72,13,0,0
1,1,475,26,0,0
1,2,196,17,0,0
2,2,1422,114,1,1
12,4,318617,566,1,2
9,6,104876,554,1,2
1,2,29,20,0,0
1,2,146,2,0,0
1,2,448,29,0,0
11,6,45063,481,1,2
1,1,207,18,0,0
2,4,2681,43,0,1
1,1,355,14,0,0
11,6,255282,242,0,2
35,5,1660294,1120,1,3
4,2,4822,25,0,1
1,2,89,21,0,0
12,6,187577,246,1,2
1,1,162,11,0,0
1,2,356,20,0,0
4,6,60599,516,1,2
1,2,1144,88,1,1
31,6,3422705,3061,1,3
9,5,127369,374,1,2
1,2,427,23,0,0
1,1,185,14,0,0
1,2,282,22,0,0
1,4,8503,106,0,1
1,1,466,1,0,0
7,4,451848,132,0,2
22,6,3699039,2512,1,3
4,4,9565,98,0,1
1,2,374,6,0,0
3,4,4349,87,1,1
2,4,2178,109,0,1
2,2,586,95,0,1
13,4,56940,183,0,2
29,7,3651478,1244,1,3
2,2,9218,26,0,1
4,3,8440,41,0,1
34,5,2620677,760,1,3
49,6,4300315,1942,1,3
1,2,219,25,0,0
1,2,374,9,0,0
1,1,41,23,0,0
2,4,3716,79,0,1
1,1,190,13,0,0
1,2,6238,37,0,1
8,5,405955,354,0,2
1,1,324,4,0,0
1,2,305,6,0,0
41,7,3301445,1646,1,3
1,2,27,21,0,0
9,5,314094,298,1,2
1,2,1057,26,1,1
4,6,446679,214,0,2
1,2,119,28,0,0
1,3,8330,76,1,1
2,3,5506,16,1,1
1,2,433,22,0,0
4,3,8000,85,0,1
12,4,138557,512,1,2
4,4,564,34,0,1
1,2,154,28,0,0
1,2,425,9,0,0
1,1,176,12,0,0
3,5,499847,526,1,2
1,1,498,19,0,0
3,2,3898,40,0,1
5,4,358030,117,1,2
29,6,1884822,3430,1,3
1,1,216,19,0,0
3,3,1088,107,0,1
3,4,4459,19,0,1
35,5,542137,453,1,3
1,2,426,10,0,0
1,1,422,22,0,0
13,6,42766,131,1,2
1,1,428,17,0,0
4,6,111999,80,0,2
9,4,275334,441,1,2
2,2,5318,39,1,1
1,1,347,28,0,0
1,3,1190,30,1,1
4,4,69766,221,1,2
1,2,2743,65,0,1
1,2,416,12,0,0
4,4,8945,74,1,1
3,2,9990,19,0,1
28,6,4202590,1250,1,3
11,4,64460,474,0,2
14,4,176465,441,1,2
1,2,301,9,0,0
1,2,383,1,0,0
2,4,1198,90,0,1
43,6,1032726,1860,1,3
2,2,2257,17,0,1
1,1,227,10,0,0
4,2,7296,75,0,1
1,1,118,2,0,0
1,2,108,11,0,0
1,4,7311,44,0,1
5,6,93276,186,0,2
4,3,3456,45,1,1
1,1,346,3,0,0
1,1,405,11,0,0
3,4,5514,110,0,1
2,3,4631,59,0,1
9,6,350401,199,1,2
1,2,50,10,0,0
12,6,66888,149,1,2
1,1,477,18,0,0
11,6,65739,571,1,2
1,2,153,6,0,0
1,1,485,20,0,0
6,4,368234,373,1,2
25,6,3319648,1963,1,3
1,2,16,19,0,0
3,4,3225,81,0,1
1,1,78,13,0,0
19,5,2899146,1599,1,3
1,2,9379,31,0,1
1,4,4074,82,0,1
6,5,93583,531,0,2
6,5,278137,145,0,2
1,2,249,7,0,0
38,6,2848818,1763,1,3
1,2,108,29,0,0
1,1,0,2,0,0
11,6,244864,246,1,2
1,2,675,93,0,1
9,6,348074,245,1,2
1,1,404,14,0,0
46,5,3482410,2108,1,3
2,3,9616,31,1,1
3,4,297239,149,0,2
3,6,249423,560,1,2
1,2,433,10,0,0
11,5,89944,402,1,2
1,2,124,5,0,0
1,2,359,1,0,0
3,3,1946,47,0,1
1,2,358,28,0,0
3,3,5808,92,0,1
30,7,4428207,2186,1,3
17,7,3319182,3046,1,3
1,1,344,8,0,0
1,2,356,18,0,0
41,5,3055517,878,1,3
1,2,246,12,0,0
1,2,47,19,0,0
3,2,1938,83,0,1
3,3,7476,57,0,1
1,2,483,5,0,0
3,2,4201,21,0,1
1,1,103,19,0,0
28,6,4552579,2814,1,3
2,2,1358,30,0,1
1,2,336,21,0,0
2,2,9535,106,0,1
3,2,3737,55,0,1
11,6,409346,311,1,2
47,7,1332307,972,1,3
3,2,7709,33,0,1
3,4,6631,24,1,1
2,4,8634,95,1,1
5,4,162027,142,0,2
4,4,5391,15,0,1
4,2,4761,74,0,1
11,4,409489,200,1,2
1,2,355,28,0,0
1,1,22,7,0,0
1,2,330,1,0,0
1,1,215,22,0,0
4,3,9967,62,0,1
1,2,364,21,0,0
36,5,781696,816,1,3
6,5,61482,169,1,2
1,2,262,4,0,0
14,4,97438,165,1,2
1,2,481,25,0,0
1,2,13,14,0,0
1,2,9,4,0,0
9,6,234793,583,1,2
1,2,54,7,0,0
1,2,417,2,0,0
10,6,145370,251,0,2
4,4,1098,110,0,1
5,6,21009,148,1,2
1,1,151,15,0,0
2,4,8819,68,0,1
1,1,170,2,0,0
13,5,287483,479,1,2
35,5,712803,3413,1,3
3,2,7092,91,0,1
1,2,71,22,0,0
4,6,243378,569,0,2
1,2,2427,32,1,1
9,5,98887,177,1,2
11,6,343569,164,1,2
1,2,7935,27,1,1
1,1,115,20,0,0
39,5,2713697,1104,1,3
13,6,29288,241,0,2
1,4,540,82,0,1
1,3,5714,119,1,1
32,7,2864825,2808,1,3
1,2,322,6,0,0
9,5,307542,149,1,2
3,2,9337,97,1,1
1,2,424,24,0,0
1,2,5444,72,0,1
1,1,253,9,0,0
1,2,159,24,0,0
8,4,358627,422,0,2
6,6,20292,277,0,2
3,3,4176,27,0,1
1,2,6230,112,0,1
4,2,7273,119,0,1
2,3,4259,20,0,1
12,5,325475,330,1,2
3,3,6473,107,0,1
5,6,202898,296,0,2
1,1,379,25,0,0
1,2,299,10,0,0
7,4,300886,164,1,2
22,7,2209813,2989,1,3
3,2,9608,91,0,1
2,2,2940,74,1,1
1,2,9,28,0,0
4,4,160635,278,0,2
1,1,241,7,0,0
4,2,6022,81,0,1
1,1,133,1,0,0
3,3,9001,35,0,1
1,2,238,13,0,0
13,6,145150,403,1,2
1,2,400,17,0,0
44,6,1717933,2505,1,3
1,1,166,20,0,0
1,2,434,15,0,0
12,4,200912,595,0,2
1,2,297,12,0,0
3,5,462875,94,0,2
13,6,464725,444,1,2
1,2,386,23,0,0
4,2,5280,96,0,1
4,6,271413,163,1,2
2,4,7596,37,0,1
4,2,4459,38,0,1
1,1,277,8,0,0
1,2,172,23,0,0
2,4,9162,104,0,1
11,6,133053,402,1,2
1,1,438,4,0,0
21,7,4610993,2797,1,3
4,4,6929,107,1,1
2,4,4994,41,0,1
4,2,742,33,1,1
1,1,236,14,0,0
38,7,3195563,3378,1,3
2,3,3637,88,0,1
1,2,7472,23,0,1
3,4,327953,235,1,2
1,2,477,4,0,0
1,4,9093,93,0,1
1,1,44,17,0,0
13,4,436976,364,0,2
1,2,104,15,0,0
1,1,345,28,0,0
1,1,267,10,0,0
1,1,336,14,0,0
1,2,69,20,0,0
1,2,19,24,0,0
13,4,482779,500,0,2
38,7,3923994,3558,1,3
3,3,7852,61,1,1
14,6,318295,246,0,2
1,2,24,11,0,0
4,2,6374,32,1,1
4,2,1731,33,0,1
6,5,43461,84,1,2
1,4,9252,90,0,1
1,2,150,3,0,0
3,2,1410,44,0,1
12,4,126528,279,1,2
1,2,367,9,0,0
1,1,124,14,0,0
1,4,6069,61,0,1
1,1,317,7,0,0
1,2,364,22,0,0
1,2,246,1,0,0
1,1,51,6,0,0
13,4,166688,342,0,2
1,1,250,9,0,0
1,1,16,5,0,0
3,6,94433,534,1,2
3,3,7144,49,0,1
1,2,427,16,0,0
1,2,328,8,0,0
1,2,100,13,0,0
11,6,326689,79,1,2
4,4,4124,89,0,1
4,4,5131,98,0,1
9,4,164404,464,0,2
1,2,154,21,0,0
2,2,1793,48,0,1
1,2,219,21,0,0
1,2,417,17,0,0
13,6,163706,324,1,2
1,1,199,20,0,0
1,1,174,22,0,0
1,2,485,28,0,0
6,6,203646,397,1,2
1,2,257,22,0,0
1,2,67,4,0,0
1,2,233,9,0,0
2,3,8828,113,1,1
1,2,40,16,0,0
14,6,495581,306,0,2
1,1,439,17,0,0
1,3,1598,96,1,1
14,6,230462,386,1,2
1,2,484,6,0,0
1,2,162,26,0,0
1,2,424,17,0,0
1,2,205,3,0,0
1,4,6740,15,0,1
1,1,368,1,0,0
1,4,5069,71,0,1
1,2,128,22,0,0
1,1,454,29,0,0
1,1,236,3,0,0
1,1,208,3,0,0
3,3,4974,84,0,1
1,2,89,8,0,0
9,4,420774,265,1,2
1,2,321,4,0,0
3,4,102764,386,1,2
9,4,288518,73,1,2
3,4,8897,78,0,1
1,1,446,21,0,0
9,5,291567,101,1,2
1,1,40,22,0,0
4,4,9004,40,1,1
9,6,172696,188,1,2
1,1,58,7,0,0
7,5,218944,186,1,2
4,3,3127,105,1,1
4,4,8956,72,0,1
4,4,5190,65,0,1
25,5,1591014,3336,1,3
1,2,378,3,0,0
1,1,145,28,0,0
1,2,203,15,0,0
1,2,53,20,0,0
1,1,140,5,0,0
47,5,1115863,3575,1,3
1,2,286,20,0,0
1,1,99,12,0,0
1,2,192,18,0,0
1,2,237,27,0,0
1,1,57,25,0,0
2,2,1252,52,0,1
35,7,4944623,569,1,3
4,3,9617,37,0,1
3,3,6765,55,0,1
4,4,333641,557,1,2
1,2,154,15,0,0
1,1,340,12,0,0
1,2,81,11,0,0
32,6,877224,1408,1,3
1,2,272,11,0,0
18,5,3977794,1219,1,3
1,3,9293,99,0,1
1,2,251,8,0,0
1,2,404,10,0,0
2,2,9675,19,0,1
7,5,363463,281,1,2
3,3,9595,20,1,1
1,4,2620,67,1,1
4,2,1079,48,1,1
1,2,37,19,0,0
13,6,1529516,1165,1,3
28,6,590140,3322,1,3
1,2,78,12,0,0
28,6,2475556,1186,1,3
1,3,2284,69,1,1
2,3,1071,37,0,1
1,3,8807,62,0,1
1,2,348,26,0,0
1,1,91,23,0,0
8,4,226398,428,1,2
1,2,20,12,0,0
4,2,7465,76,0,1
1,2,195,3,0,0
3,4,9581,29,0,1
1,2,1,1,0,0
1,2,459,22,0,0
3,2,9302,105,0,1
1,2,181,2,0,0
1,1,114,2,0,0
1,2,429,14,0,0
2,2,1439,89,0,1
31,7,1916693,2173,1,3
1,2,353,22,0,0
1,3,7216,26,0,1
1,2,125,29,0,0
1,2,331,25,0,0
1,4,1446,17,0,1
14,6,495687,594,0,2
1,1,9,4,0,0
3,3,2129,108,1,1
1,1,148,27,0,0
1,2,189,4,0,0
1,1,333,25,0,0
1,2,12,11,0,0
13,5,414653,276,1,2
13,4,133130,446,1,2
1,3,7624,96,0,1
13,7,4661900,462,1,3
36,6,4248529,2079,1,3
2,3,1221,31,1,1
7,6,383994,492,1,2
3,2,2607,63,0,1
1,2,188,10,0,0
1,1,47,14,0,0
32,6,3751830,1657,1,3
12,6,15209,449,1,2
4,4,6830,100,0,1
4,6,81537,531,0,2
1,2,21,2,0,0
1,2,127,14,0,0
1,2,7480,44,0,1
4,2,6535,97,0,1
10,6,477616,482,1,2
3,2,4770,77,1,1
9,4,363827,236,1,2
3,3,1390,86,0,1
11,4,55890,180,1,2
38,7,2866304,3535,1,3
6,5,443048,285,1,2
49,6,770146,451,1,3
1,1,9,4,0,0
7,6,27118,148,0,2
1,3,8025,49,0,1
12,6,276656,198,1,2
6,4,446162,260,1,2
4,2,7683,15,0,1
6,4,457127,479,0,2
1,4,6399,37,0,1
1,2,334,9,0,0
3,2,3101,112,1,1
8,6,263017,505,1,2
1,1,1,8,0,0
22,7,984427,1374,1,3
13,4,31602,554,1,2
1,1,336,7,0,0
1,1,7,28,0,0
1,4,7281,89,0,1
1,1,468,24,0,0
1,1,285,24,0,0
4,2,3338,23,1,1
2,4,2596,33,0,1
12,5,114085,172,1,2
1,2,113,12,0,0
3,4,104913,385,1,2
4,2,3274,83,1,1
1,1,338,6,0,0
13,4,87442,126,0,2
8,4,288060,335,1,2
18,6,1926548,2614,1,3
1,3,8956,114,0,1
1,2,291,22,0,0
8,6,102115,162,1,2
20,6,4394325,2263,1,3
3,6,376464,176,0,2
30,7,4419736,1486,1,3
1,4,3767,51,1,1
1,1,334,20,0,0
1,2,426,23,0,0
14,6,392194,132,1,2
1,2,240,1,0,0
1,1,471,8,0,0
2,2,4823,31,1,1
3,3,1596,47,1,1
3,3,2655,26,1,1
3,2,6418,78,0,1
1,2,7496,107,0,1
12,6,459049,215,1,2
31,6,2208175,632,1,3
1,1,356,20,0,0
4,2,978,29,0,1
1,1,253,7,0,0
1,3,6033,68,0,1
4,4,3773,46,0,1
1,2,68,20,0,0
1,1,68,21,0,0
9,4,227984,430,0,2
1,2,299,2,0,0
4,3,1083,62,1,1
1,1,353,11,0,0
12,4,139350,348,1,2
3,2,3526,68,0,1
1,1,146,26,0,0
2,2,3321,49,0,1
23,7,4534649,1657,1,3
2,2,1602,101,0,1
14,6,354043,106,1,2
1,1,265,6,0,0
1,2,125,11,0,0
1,1,44,2,0,0
3,2,9335,118,0,1
1,1,5,12,0,0
1,2,237,14,0,0
1,1,167,23,0,0
1,2,418,11,0,0
1,1,248,29,0,0
1,2,160,16,0,0
12,4,433350,165,0,2
1,2,168,25,0,0
1,2,393,19,0,0
4,5,113915,288,1,2
1,1,452,26,0,0
3,4,338932,449,1,2
40,7,1727146,1116,1,3
1,1,113,19,0,0
17,7,2737300,2713,1,3
1,1,22,21,0,0
11,4,224303,447,0,2
4,3,1357,40,0,1
4,2,2901,117,1,1
14,6,272204,113,0,2
1,1,334,28,0,0
9,5,329793,596,0,2
1,2,346,21,0,0
1,2,16,18,0,0
1,1,48,20,0,0
1,2,4784,107,0,1
10,4,368478,440,1,2
13,4,113107,389,1,2
1,2,435,19,0,0
4,3,6323,57,0,1
3,2,4247,49,0,1
1,2,353,19,0,0
1,2,1410,91,0,1
1,1,392,13,0,0
1,2,430,7,0,0
13,5,185458,574,1,2
1,4,2605,27,0,1
1,2,379,14,0,0
10,4,434315,533,1,2
1,2,2043,30,0,1
1,2,7,23,0,0
4,3,2797,71,0,1
1,2,417,28,0,0
4,2,3983,90,0,1
11,4,419849,373,1,2
11,5,229526,144,1,2
1,1,69,15,0,0
1,2,474,25,0,0
1,1,297,12,0,0
4,3,8022,58,0,1
11,4,288355,352,0,2
4,4,9304,18,1,1
1,2,85,4,0,0
19,6,1306564,3473,1,3
1,2,236,3,0,0
1,1,458,10,0,0
41,6,4526352,3178,1,3
1,1,47,13,0,0
1,1,366,3,0,0
4,2,1960,81,0,1
1,1,78,26,0,0
1,1,196,6,0,0
49,5,3406492,444,1,3
4,2,918,100,1,1
6,5,485406,480,1,2
1,4,3431,101,0,1
1,1,213,22,0,0
1,1,34,7,0,0
12,4,216548,483,1,2
1,2,326,24,0,0
1,1,65,3,0,0
4,4,7311,30,0,1
2,2,3383,95,0,1
1,2,430,25,0,0
5,6,432769,461,1,2
9,5,75140,87,1,2
2,4,9717,90,0,1
1,2,459,17,0,0
1,3,9783,100,0,1
1,1,259,26,0,0
12,6,262388,143,1,2
5,5,281091,342,1,2
26,5,3649783,1606,1,3
1,1,254,23,0,0
1,3,4909,70,0,1
14,4,242362,460,1,2
1,2,458,12,0,0
9,6,169815,477,0,2
1,2,361,29,0,0
1,1,102,10,0,0
3,2,4265,21,0,1
3,4,733,95,1,1
40,7,2845170,586,1,3
11,6,491862,574,1,2
1,2,404,28,0,0
4,3,1104,23,0,1
12,5,41673,314,0,2
1,2,42,10,0,0
1,1,367,15,0,0
29,5,4945975,2685,1,3
1,1,316,4,0,0
1,4,2613,39,0,1
1,1,415,26,0,0
2,3,5235,98,1,1
7,6,155800,440,1,2
31,5,3008426,3209,1,3
1,2,377,9,0,0
2,2,8845,34,0,1
1,2,145,5,0,0
1,2,2841,29,1,1
13,6,248511,258,1,2
3,2,7219,52,0,1
1,1,131,18,0,0
10,5,292727,155,0,2
4,3,1145,97,1,1
3,4,3231,54,0,1
3,2,6170,27,0,1
1,2,8612,54,0,1
29,7,1547146,2704,1,3
2,2,1039,118,0,1
1,2,247,2,0,0
1,1,263,20,0,0
3,2,6472,105,1,1
3,4,8333,116,0,1
2,2,3303,100,1,1
1,4,4509,62,0,1
7,6,106651,463,0,2
3,5,194099,497,1,2
1,2,2757,115,1,1
1,1,110,1,0,0
2,4,4293,92,0,1
1,3,9616,33,0,1
1,2,50,21,0,0
1,1,370,20,0,0
1,3,4287,21,1,1
23,7,616220,537,1,3
12,5,171564,561,0,2
1,2,46,7,0,0
1,3,7906,19,0,1
11,6,298793,465,1,2
1,1,323,8,0,0
4,5,138389,319,1,2
3,3,6700,66,0,1
1,3,7736,73,0,1
1,2,155,18,0,0
1,1,245,21,0,0
29,7,2298594,856,1,3
23,5,4447922,3410,1,3
1,2,444,21,0,0
1,1,20,13,0,0
3,2,8480,93,0,1
3,2,2868,31,0,1
35,6,1906368,1280,1,3
1,2,189,5,0,0
1,1,133,27,0,0
12,6,413311,418,1,2
1,2,5824,35,0,1
13,4,252700,553,0,2
3,6,185251,261,1,2
1,2,0,4,0,0
13,7,4601599,2652,1,3
1,1,22,8,0,0
6,4,318877,262,0,2
8,5,467811,446,0,2
9,5,313255,361,0,2
4,2,1536,110,1,1
1,2,132,11,0,0
1,2,69,16,0,0
7,4,307572,223,1,2
35,6,3035232,418,1,3
10,5,536413,828,1,3
1,2,363,16,0,0
2,3,1842,71,0,1
1,2,3272,63,1,1
3,4,3951,79,0,1
4,2,4074,104,0,1
4,5,370215,167,0,2
1,4,4576,80,1,1
1,2,368,8,0,0
1,2,200,10,0,0
5,5,424994,343,0,2
13,4,31274,192,1,2
2,3,3103,29,0,1
5,4,283916,357,1,2
1,2,203,16,0,0
1,2,60,23,0,0
3,4,8571,91,1,1
1,2,399,17,0,0
9,5,351609,355,0,2
5,4,116121,479,1,2
6,4,379836,221,1,2
3,4,8137,49,1,1
14,6,84218,108,1,2
1,1,91,16,0,0
1,2,377,19,0,0
1,1,498,19,0,0
4,4,4075,117,0,1
14,6,348384,163,0,2
9,4,369181,138,1,2
10,5,239920,69,0,2
9,5,40795,551,1,2
37,5,4963158,1204,1,3
4,4,9987,113,0,1
43,7,1595589,2953,1,3
1,1,490,26,0,0
13,6,402179,344,0,2
1,2,256,17,0,0
13,6,304358,514,0,2
1,2,390,3,0,0
3,5,86298,413,1,2
39,7,4050227,2563,1,3
2,4,2507,47,0,1
1,2,132,12,0,0
1,2,263,2,0,0
1,2,75,4,0,0
1,2,97,11,0,0
3,2,8580,54,0,1
1,2,41,16,0,0
1,1,408,22,0,0
4,2,6401,105,1,1
3,4,1625,60,0,1
1,1,299,28,0,0
1,1,294,25,0,0
1,1,389,11,0,0
14,6,2691306,3391,1,3
2,4,4249,104,0,1
1,1,46,7,0,0
18,5,2892919,2112,1,3
14,6,250909,284,1,2
6,4,201349,401,1,2
1,2,404,12,0,0
14,4,31447,250,1,2
1,1,207,14,0,0
11,4,33723,290,0,2
1,2,438,10,0,0
1,1,429,22,0,0
12,6,4902910,1182,1,3
2,2,8899,16,0,1
1,1,320,21,0,0
1,2,4408,68,0,1
1,2,64,17,0,0
4,2,4966,49,0,1
1,1,470,10,0,0
1,4,6456,106,1,1
4,4,259430,364,1,2
1,2,143,25,0,0
1,1,374,14,0,0
4,2,4209,26,0,1
1,1,145,23,0,0
12,5,346047,225,0,2
1,1,489,10,0,0
4,4,5088,16,1,1
1,3,2867,55,0,1
1,2,497,6,0,0
1,2,220,3,0,0
1,2,349,13,0,0
4,4,502,81,1,1
1,2,414,26,0,0
1,2,26,15,0,0
3,3,1419,63,1,1
1,2,282,17,0,0
3,3,7302,29,1,1
8,4,216251,292,1,2
10,4,441967,203,1,2
1,2,55,28,0,0
1,1,61,4,0,0
1,2,7881,59,0,1
1,1,38,1,0,0
1,3,5151,36,0,1
12,5,475994,101,1,2
1,2,4578,56,0,1
1,1,386,10,0,0
1,1,207,28,0,0
1,1,205,1,0,0
1,2,5631,67,0,1
1,2,385,17,0,0
1,1,187,25,0,0
3,6,93291,380,1,2
1,3,5093,72,0,1
1,4,7940,94,0,1
3,4,7814,42,0,1
1,2,201,3,0,0
1,1,103,10,0,0
1,1,187,20,0,0
1,2,9280,41,0,1
1,2,326,21,0,0
1,2,238,20,0,0
1,2,437,8,0,0
5,6,487397,133,0,2
1,1,167,19,0,0
1,2,160,24,0,0
1,4,9105,59,0,1
6,4,220448,363,1,2
2,3,3507,88,0,1
5,5,300951,230,0,2
1,4,8437,107,0,1
1,1,211,29,0,0
1,1,47,26,0,0
6,6,66116,468,0,2
1,2,1667,118,1,1
1,2,289,14,0,0
1,1,253,5,0,0
4,4,6351,32,0,1
1,2,567,75,0,1
13,6,448895,509,0,2
1,2,215,27,0,0
1,1,67,7,0,0
38,6,2182978,2426,1,3
2,3,6560,89,0,1
13,5,447364,330,1,2
7,6,44600,217,1,2
22,7,3138439,1382,1,3
1,3,9836,28,0,1
10,5,229606,443,1,2
1,2,400,15,0,0
3,2,1515,49,0,1
4,3,7666,69,0,1
14,5,167699,340,1,2
4,3,3700,22,1,1
1,2,4790,29,0,1
1,1,7,13,0,0
1,1,459,1,0,0
10,4,193683,263,1,2
1,1,125,23,0,0
1,3,9744,92,0,1
30,5,2957856,876,1,3
2,2,4018,71,0,1
12,4,356479,310,0,2
23,6,4165632,3177,1,3
4,3,1364,91,1,1
44,7,2798354,1249,1,3
1,3,4164,48,1,1
1,2,237,23,0,0
3,2,2077,113,0,1
3,3,5781,85,0,1
8,6,474534,514,0,2
1,2,92,1,0,0
1,2,213,27,0,0
4,3,7038,117,0,1
2,4,2678,73,0,1
22,5,1893488,2856,1,3
1,2,393,10,0,0
1,2,34,4,0,0
1,3,771,29,0,1
2,4,8592,85,1,1
14,7,2237075,2010,1,3
1,1,211,16,0,0
1,2,55,16,0,0
1,2,207,9,0,0
1,2,163,24,0,0
1,1,13,14,0,0
1,2,469,1,0,0
3,2,1426,102,1,1
1,4,1132,111,0,1
1,3,5416,31,0,1
1,1,173,10,0,0
3,4,109525,285,1,2
49,6,4565011,1198,1,3
1,2,4308,79,0,1
1,2,219,16,0,0
20,7,1215003,2618,1,3
12,4,25116,341,1,2
1,1,167,12,0,0
3,4,5156,60,0,1
40,5,4814366,607,1,3
4,4,6088,70,1,1
4,4,864,58,0,1
10,4,89436,236,0,2
10,5,2015509,1007,1,3
4,4,61272,73,1,2
2,3,4432,18,0,1
4,4,5608,63,1,1
2,3,1227,61,0,1
11,6,31398,525,0,2
3,5,95283,512,0,2
1,2,225,9,0,0
1,2,94,17,0,0
15,7,1584309,523,1,3
1,1,383,16,0,0
13,5,148731,258,0,2
9,5,475982,132,1,2
1,2,421,11,0,0
9,5,343840,130,0,2
29,5,721552,3104,1,3
1,4,6568,92,0,1
1,2,376,28,0,0
8,6,166810,358,1,2
1,1,393,21,0,0
1,2,327,19,0,0
2,3,8600,78,0,1
1,2,200,20,0,0
1,2,207,23,0,0
1,4,3438,66,1,1
1,3,9730,97,0,1
1,2,221,27,0,0
13,5,348365,391,0,2
1,1,364,3,0,0
21,5,3615848,2990,1,3
3,4,1573,79,0,1
6,4,234757,206,1,2
14,5,246403,391,0,2
1,2,277,2,0,0
1,1,421,3,0,0
3,3,7998,81,0,1
5,4,472115,84,1,2
1,2,140,12,0,0
1,2,291,15,0,0
14,5,3607548,722,1,3
1,1,461,7,0,0
1,2,305,25,0,0
1,1,357,6,0,0
1,1,287,2,0,0
13,6,3412511,434,1,3
10,4,248441,519,1,2
39,7,716486,1204,1,3
29,5,2913911,2734,1,3
1,1,194,26,0,0
3,4,4260,61,1,1
1,1,302,20,0,0
1,1,236,3,0,0
2,4,8451,64,0,1
1,2,213,26,0,0
1,1,153,22,0,0
4,4,9668,112,1,1
4,4,5952,81,1,1
18,7,3814479,2520,1,3
2,2,4311,33,1,1
1,2,124,7,0,0
40,7,4946460,3128,1,3
1,2,124,26,0,0
1,2,270,25,0,0
42,6,3538915,1194,1,3
9,6,335087,495,0,2
2,3,5866,22,0,1
1,2,483,8,0,0
3,3,6224,33,0,1
4,4,7168,103,0,1
1,1,201,19,0,0
1,1,330,14,0,0
3,4,2607,17,0,1
1,1,232,9,0,0
8,4,286452,487,0,2
13,6,129619,558,0,2
1,2,258,23,0,0
1,2,135,23,0,0
3,2,2707,89,1,1
1,2,80,9,0,0
3,4,4802,40,0,1
1,1,100,16,0,0
1,2,192,15,0,0
44,5,2264688,805,1,3
15,6,4808307,428,1,3
1,2,470,8,0,0
1,1,286,21,0,0
1,1,205,6,0,0
1,2,441,12,0,0
1,1,465,21,0,0
4,2,9781,23,1,1
2,4,2273,34,1,1
1,2,183,26,0,0
1,2,242,17,0,0
1,2,327,28,0,0
48,6,644375,2411,1,3
2,2,3470,15,0,1
3,2,555,16,0,1
2,3,1863,66,0,1
14,5,154989,348,1,2
12,4,234655,549,1,2
8,4,300134,147,1,2
1,2,8,13,0,0
1,2,297,6,0,0
1,2,127,12,0,0
16,7,932941,1304,1,3
4,2,7896,57,0,1
3,3,4240,65,0,1
1,2,475,1,0,0
1,2,129,20,0,0
3,3,3583,95,1,1
2,4,882,31,0,1
1,1,215,13,0,0
1,1,458,11,0,0
40,6,3446878,2089,1,3
10,6,4497936,835,1,3
3,3,6119,31,0,1
1,2,437,18,0,0
29,5,2676512,1456,1,3
1,2,274,21,0,0
36,7,2919493,2957,1,3
1,3,1617,96,0,1
1,1,430,15,0,0
1,2,46,27,0,0
1,1,350,13,0,0
4,5,130902,431,1,2
1,2,165,2,0,0
1,2,160,28,0,0
1,3,769,109,0,1
1,2,356,16,0,0
1,2,171,21,0,0
1,2,413,20,0,0
20,5,3867851,1748,1,3
1,3,4432,83,0,1
1,1,136,13,0,0
1,2,6402,79,0,1
4,4,6916,47,0,1
4,4,365266,580,1,2
1,1,274,6,0,0
5,6,20651,143,1,2
2,3,8484,30,0,1
1,1,164,29,0,0
1,1,377,5,0,0
1,1,170,18,0,0
3,4,9601,96,0,1
1,2,387,17,0,0
1,2,73,29,0,0
4,4,6398,106,0,1
1,1,81,26,0,0
1,2,215,22,0,0
1,1,447,18,0,0
1,2,82,10,0,0
1,1,100,18,0,0
1,1,486,21,0,0
1,2,476,9,0,0
1,3,5817,57,0,1
3,3,4764,76,1,1
2,4,2320,35,0,1
14,5,418213,587,1,2
1,2,427,23,0,0
1,2,199,19,0,0
1,1,282,17,0,0
1,2,416,27,0,0
9,4,338910,169,1,2
1,1,397,11,0,0
3,4,7183,36,0,1
1,3,4958,68,0,1
19,6,1535598,1354,1,3
1,2,432,21,0,0
4,6,51081,332,1,2
2,3,3622,118,0,1
1,2,166,28,0,0
1,1,110,1,0,0
12,4,228512,337,1,2
1,1,245,9,0,0
3,3,3806,101,0,1
28,7,691387,774,1,3
1,2,123,5,0,0
7,4,79202,241,0,2
13,5,251766,205,1,2
12,5,81386,168,1,2
43,6,1033634,887,1,3
3,4,172008,70,1,2
1,2,477,3,0,0
1,1,67,27,0,0
2,3,990,44,0,1
1,2,6901,32,0,1
3,5,201480,562,1,2
1,1,191,12,0,0
11,5,3258566,1805,1,3
7,5,139593,466,1,2
4,5,330815,562,1,2
3,4,7337,96,0,1
1,2,9391,68,0,1
1,2,434,29,0,0
13,5,942244,2763,1,3
14,5,218139,445,1,2
1,2,344,16,0,0
1,1,48,19,0,0
1,1,28,1,0,0
8,5,383595,245,0,2
1,1,187,6,0,0
7,5,460043,132,1,2
1,2,295,8,0,0
6,5,90165,254,0,2
8,5,219633,124,1,2
9,4,325929,180,1,2
1,1,41,10,0,0
19,7,3408056,686,1,3
1,2,281,29,0,0
4,4,9965,90,1,1
1,2,475,20,0,0
11,6,441231,404,1,2
7,6,474462,576,1,2
31,5,4696656,2232,1,3
4,2,9971,108,1,1
10,4,177896,365,0,2
9,5,285107,342,1,2
1,2,435,15,0,0
2,3,8201,79,0,1
1,2,61,16,0,0
1,1,126,9,0,0
1,2,30,27,0,0
2,3,4148,88,0,1
9,4,17461,336,1,2
1,2,28,7,0,0
1,3,5822,41,0,1
1,2,452,1,0,0
3,3,3433,98,1,1
1,2,124,18,0,0
3,3,7306,44,0,1
1,2,326,7,0,0
1,4,3182,30,0,1
1,1,250,15,0,0
47,5,2410155,354,1,3
2,2,5935,60,0,1
1,2,464,9,0,0
1,2,428,17,0,0
4,2,3662,96,0,1
3,4,7123,75,1,1
1,2,222,23,0,0
2,2,2189,50,0,1
1,2,287,2,0,0
1,2,10,24,0,0
8,5,164542,152,1,2
1,2,220,6,0,0
1,1,336,16,0,0
1,1,39,13,0,0
5,5,140544,400,1,2
11,4,210003,200,1,2
8,4,24390,495,0,2
1,1,16,2,0,0
1,2,288,8,0,0
1,1,182,12,0,0
3,6,172357,571,1,2
1,2,485,10,0,0
3,2,2277,39,0,1
1,4,8066,33,1,1
2,3,4196,71,1,1
1,1,334,12,0,0
11,6,1237550,2094,1,3
1,2,320,18,0,0
4,6,230935,446,1,2
8,6,465753,246,1,2
1,1,244,16,0,0
3,3,7882,59,0,1
1,2,285,7,0,0
1,1,234,13,0,0
1,2,283,26,0,0
3,4,7524,91,0,1
14,6,280472,234,1,2
1,1,232,23,0,0
14,5,2595637,3322,1,3
1,3,5923,117,0,1
1,1,113,11,0,0
4,4,4655,80,0,1
3,2,651,88,0,1
2,3,2061,53,1,1
41,6,3460883,2832,1,3
1,1,160,2,0,0
1,1,435,4,0,0
1,1,392,28,0,0
1,2,5293,17,0,1
1,1,222,26,0,0
5,5,440505,160,1,2
4,3,7154,23,1,1
8,4,384842,258,0,2
33,7,2918853,2206,1,3
1,2,21,3,0,0
47,5,3497493,1038,1,3
1,2,96,21,0,0
1,3,9907,46,0,1
5,5,161899,332,0,2
1,1,488,15,0,0
1,1,279,29,0,0
4,4,6469,64,0,1
2,2,5492,85,0,1
1,2,151,22,0,0
39,6,3286719,2373,1,3
3,2,3387,69,1,1
4,2,3832,34,1,1
1,1,76,27,0,0
3,6,109290,106,1,2
3,2,5887,98,0,1
6,5,408448,229,1,2
1,1,361,24,0,0
3,4,393015,395,1,2
10,6,43734,367,0,2
3,2,5197,53,1,1
1,2,38,25,0,0
2,2,6843,102,0,1
1,2,226,11,0,0
1,2,105,13,0,0
4,4,8888,112,1,1
5,5,186168,366,1,2
1,2,200,17,0,0
10,6,382461,553,1,2
6,6,156192,243,1,2
1,2,682,37,1,1
3,2,6911,83,1,1
5,5,367092,334,0,2
1,1,288,6,0,0
2,3,5932,51,1,1
12,5,34700,140,1,2
26,6,1906427,2886,1,3
9,5,442015,207,0,2
1,4,1158,80,0,1
1,2,152,1,0,0
12,6,60755,358,1,2
1,1,354,1,0,0
3,2,7583,22,1,1
1,1,133,23,0,0
3,4,8601,98,0,1
9,5,10559,557,1,2
2,2,6052,100,0,1
3,4,2407,49,0,1
1,1,440,5,0,0
1,2,467,18,0,0
22,6,1907576,965,1,3
1,2,491,13,0,0
1,1,260,13,0,0
44,7,3799973,2031,1,3
1,1,219,6,0,0
1,1,183,15,0,0
2,2,6140,39,0,1
4,4,8931,35,0,1
2,2,5708,62,0,1
8,4,421421,391,1,2
3,3,7599,97,0,1
17,5,1927989,1393,1,3
11,5,226669,493,1,2
24,5,3321105,2384,1,3
3,4,9949,65,0,1
4,4,4831,39,0,1
3,4,4372,92,1,1
4,3,2493,116,1,1
2,4,8807,28,0,1
4,4,8023,38,0,1
3,4,8004,49,0,1
8,6,308818,456,0,2
3,3,6739,105,0,1
1,2,31,10,0,0
8,5,163385,379,0,2
4,4,7020,29,1,1
4,2,3882,82,1,1
2,4,5805,113,0,1
1,1,66,11,0,0
36,6,4100952,1401,1,3
1,4,4051,41,0,1
13,6,53066,220,1,2
10,6,51869,247,1,2
11,5,146694,65,1,2
1,1,224,21,0,0
11,5,246562,370,0,2
1,1,363,13,0,0
14,5,142475,462,0,2
1,2,126,19,0,0
1,1,399,8,0,0
1,3,5676,97,0,1
1,1,289,7,0,0
1,1,221,17,0,0
4,4,2681,56,1,1
3,3,2564,26,0,1
3,2,5420,49,0,1
1,2,395,13,0,0
1,2,292,14,0,0
1,2,69,5,0,0
4,2,8428,15,1,1
1,4,5024,64,1,1
4,4,8490,119,0,1
1,2,301,22,0,0
7,6,320586,307,1,2
1,1,18,8,0,0
1,1,187,26,0,0
8,5,134693,251,0,2
14,6,244104,196,1,2
1,2,246,20,0,0
37,6,1467561,3553,1,3
42,5,4400379,819,1,3
1,1,447,2,0,0
5,4,273653,465,1,2
1,3,6103,51,0,1
14,5,286835,275,1,2
1,1,269,24,0,0
3,3,7502,92,0,1
1,2,173,29,0,0
10,6,461989,415,1,2
1,2,235,8,0,0
1,1,386,10,0,0
1,1,115,17,0,0
22,6,2903233,392,1,3
1,2,280,20,0,0
9,6,280590,202,0,2
24,5,4775542,2452,1,3
1,1,415,20,0,0
2,3,6269,116,0,1
1,2,92,4,0,0
1,1,201,24,0,0
1,2,461,22,0,0
1,2,140,6,0,0
3,2,3739,58,1,1
1,3,6565,94,0,1
29,7,2778845,3000,1,3
48,5,4987561,1132,1,3
1,2,115,23,0,0
12,4,412064,225,1,2
1,1,37,20,0,0
3,4,3010,43,0,1
3,2,2289,57,1,1
41,6,1860573,3454,1,3
3,4,3983,117,1,1
8,4,39670,384,0,2
13,6,182502,150,1,2
1,2,810,51,0,1
11,4,191071,471,0,2
1,1,140,21,0,0
1,2,5749,51,0,1
48,7,2869320,2148,1,3
3,2,3088,74,1,1
4,3,8246,86,0,1
2,3,3265,81,1,1
1,1,254,6,0,0
4,3,4345,54,1,1
3,4,1579,77,0,1
2,4,4657,78,0,1
1,2,140,19,0,0
3,4,6700,64,1,1
2,4,5346,77,0,1
5,4,14507,177,1,2
7,5,390724,328,1,2
3,4,189689,485,1,2
13,6,1103151,626,1,3
1,1,465,7,0,0
1,1,294,4,0,0
1,2,5,16,0,0
37,5,1338927,1186,1,3
1,2,219,25,0,0
1,1,319,10,0,0
1,1,368,2,0,0
28,6,3710912,2169,1,3
10,6,480165,67,0,2
1,3,3011,30,0,1
19,7,2051899,3420,1,3
1,1,126,13,0,0
1,2,411,29,0,0
35,5,1002264,2011,1,3
4,5,199977,269,1,2
1,4,6863,74,0,1
2,4,9666,93,1,1
4,3,9925,44,0,1
2,4,9802,52,0,1
3,3,7764,93,0,1
1,2,130,13,0,0
1,2,373,21,0,0
8,4,334703,440,1,2
1,3,9541,96,0,1
1,2,354,20,0,0
1,1,276,1,0,0
1,1,228,18,0,0
7,5,147844,460,1,2
1,4,8945,107,0,1
1,1,202,10,0,0
1,1,52,19,0,0
1,1,131,29,0,0
1,1,50,21,0,0
1,2,438,28,0,0
3,2,6636,83,0,1
10,6,339933,102,0,2
2,3,7002,37,0,1
6,6,56562,318,1,2
1,2,223,6,0,0
1,2,4866,113,1,1
1,1,75,1,0,0
1,3,9152,73,1,1
3,4,7115,28,0,1
1,1,174,14,0,0
1,1,360,2,0,0
4,4,6476,113,1,1
12,4,54331,194,0,2
2,4,5406,31,0,1
1,1,240,3,0,0
1,3,4090,36,0,1
1,1,381,10,0,0
1,2,272,27,0,0
1,1,57,11,0,0
1,2,182,15,0,0
1,2,186,14,0,0
3,6,67986,108,1,2
1,2,143,24,0,0
4,4,4244,17,1,1
4,3,7855,80,0,1
45,5,2312375,978,1,3
3,4,1496,33,0,1
1,2,245,19,0,0
2,3,8581,20,0,1
11,6,259134,555,0,2
1,2,131,10,0,0
11,4,203435,111,0,2
6,6,498019,542,1,2
1,1,420,10,0,0
3,4,5559,83,0,1
22,6,2654327,3053,1,3
3,2,7794,39,0,1
1,1,102,11,0,0
1,1,334,16,0,0
1,1,97,23,0,0
2,3,863,48,0,1
2,3,7611,95,1,1
4,3,4258,31,0,1
3,3,4700,92,0,1
27,5,3561316,357,1,3
4,3,5127,108,1,1
1,1,270,8,0,0
1,2,142,21,0,0
1,1,441,26,0,0
1,2,441,11,0,0
39,5,2056232,1468,1,3
3,3,897,44,0,1
1,2,401,2,0,0
1,2,308,2,0,0
4,3,4235,49,0,1
9,5,225356,586,0,2
1,2,95,22,0,0
2,3,8605,106,1,1
1,2,179,27,0,0
1,1,281,8,0,0
8,4,363262,466,0,2
12,4,382448,201,1,2
8,5,288572,530,1,2
10,6,473144,171,0,2
1,3,8427,41,1,1
1,2,286,17,0,0
1,2,238,21,0,0
1,1,392,29,0,0
2,2,2524,88,0,1
1,1,49,14,0,0
2,3,3065,90,0,1
25,7,2297555,396,1,3
4,4,4215,44,0,1
1,2,324,26,0,0
1,2,56,15,0,0
1,1,421,8,0,0
1,1,183,15,0,0
3,2,9826,112,0,1
4,3,3408,119,1,1
1,1,371,10,0,0
45,7,936542,2936,1,3
1,2,440,12,0,0
2,3,5963,20,0,1
1,1,375,6,0,0
1,1,468,16,0,0
1,1,484,22,0,0
2,2,7355,86,0,1
1,1,298,16,0,0
1,1,191,27,0,0
3,4,2960,48,0,1
1,1,495,22,0,0
8,4,197840,316,0,2
1,1,317,5,0,0
19,7,1720985,1980,1,3
1,1,268,21,0,0
24,6,3331569,2901,1,3
1,2,217,16,0,0
14,7,3288107,1885,1,3
4,4,9715,104,1,1
6,5,88422,462,0,2
1,2,121,26,0,0
1,2,241,21,0,0
9,6,240823,391,1,2
1,3,5175,39,1,1
10,6,317345,300,1,2
1,2,225,16,0,0
1,2,311,11,0,0
1,1,19,14,0,0
19,5,562507,2400,1,3
1,1,60,2,0,0
3,4,4107,38,0,1
1,1,5,19,0,0
1,1,136,4,0,0
1,1,148,2,0,0
1,1,63,27,0,0
1,2,442,10,0,0
3,3,9035,54,0,1
1,3,9369,113,0,1
2,4,864,23,1,1
4,3,2665,67,0,1
2,2,9557,15,0,1
7,4,23777,518,1,2
4,3,6040,72,0,1
3,3,3235,58,1,1
4,4,4634,51,0,1
14,5,211123,503,1,2
1,1,221,3,0,0
1,1,293,24,0,0
4,4,9470,91,1,1
1,2,334,15,0,0
1,2,281,17,0,0
1,2,6412,25,0,1
1,1,196,10,0,0
4,2,9669,68,0,1
14,5,49339,217,1,2
1,2,374,2,0,0
1,3,4883,25,1,1
3,2,3864,23,0,1
2,3,7581,90,0,1
44,6,2886149,481,1,3
1,1,419,25,0,0
1,3,6655,54,0,1
11,5,433332,193,1,2
1,1,137,3,0,0
4,2,8133,64,0,1
1,2,220,27,0,0
1,2,96,29,0,0
13,4,57153,582,1,2
1,1,316,17,0,0
1,1,476,18,0,0
4,5,259880,343,1,2
3,4,432217,500,1,2
8,4,395016,382,1,2
1,1,6,6,0,0
1,4,3671,46,0,1
13,6,466324,260,1,2
1,2,55,3,0,0
3,4,491864,399,1,2
2,3,2323,81,0,1
1,3,645,90,0,1
1,2,443,27,0,0
13,5,359903,199,1,2
2,2,2282,76,0,1
2,3,1992,35,0,1
3,4,5438,42,0,1
1,1,138,10,0,0
11,6,3358214,2947,1,3
1,2,316,24,0,0
8,6,72068,573,1,2
25,6,999471,931,1,3
4,5,464823,400,1,2
4,3,5587,113,0,1
1,2,138,28,0,0
14,5,237966,341,1,2
13,4,341407,480,0,2
11,4,17235,308,0,2
3,3,9686,115,0,1
1,1,258,26,0,0
